Date,USD/INR,USD/CNY,INR/CNY,Brent_Oil,Comex_Copper
2022-08-11,6.722799777984619,79.0978012084961,11.765604185851311,99.5999984741211,3.7105000019073486
2022-08-12,6.743599891662598,79.61399841308594,11.805860325657243,98.1500015258789,3.6760001182556152
2022-08-15,6.741799831390381,79.62760162353516,11.811030231538828,95.0999984741211,3.628999948501587
2022-08-16,6.771999835968018,79.55290222167969,11.747327842382925,92.33999633789062,3.6364998817443848
2022-08-17,6.787399768829346,79.14600372314453,11.660725228918587,93.6500015258789,3.5980000495910645
2022-08-18,6.779900074005127,79.35970306396484,11.705143467857079,96.58999633789062,3.6465001106262207
2022-08-19,6.784599781036377,79.7667007446289,11.757023747750704,96.72000122070312,3.683500051498413
2022-08-22,6.815700054168701,79.91790008544922,11.725560023224446,96.4800033569336,3.6705000400543213
2022-08-23,6.847899913787842,79.88379669189453,11.665444544692194,100.22000122070312,3.7044999599456787
2022-08-24,6.833600044250488,79.85449981689453,11.685568265599747,101.22000122070312,3.6605000495910645
2022-08-25,6.858500003814697,79.79679870605469,11.63473043109597,99.33999633789062,3.7105000019073486
2022-08-26,6.848299980163574,79.88289642333984,11.66463160999437,100.98999786376953,3.7114999294281006
2022-08-29,6.870800018310547,79.95909881591797,11.637523811321614,105.08999633789062,3.626499891281128
2022-08-30,6.9070000648498535,79.96790313720703,11.577805470738097,99.30999755859375,3.5450000762939453
2022-08-31,6.910799980163574,79.68229675292969,11.530111851253965,96.48999786376953,3.5185000896453857
2022-09-01,6.888899803161621,79.54879760742188,11.547387809431255,92.36000061035156,3.4144999980926514
2022-09-02,6.9054999351501465,79.716796875,11.54395737073694,93.0199966430664,3.4214999675750732
2022-09-05,6.89900016784668,79.72450256347656,11.555950228127074,,
2022-09-06,6.93310022354126,79.78299713134766,11.507549950085163,92.83000183105469,3.4690001010894775
2022-09-07,6.953100204467773,79.89510345458984,11.490572709314986,88.0,3.437999963760376
2022-09-08,6.9653000831604,79.6498031616211,11.435229237888224,89.1500015258789,3.5360000133514404
2022-09-09,6.956500053405762,79.706298828125,11.457816174255962,92.83999633789062,3.5810000896453857
2022-09-12,6.92549991607666,79.65579986572266,11.501812263517891,94.0,3.625499963760376
2022-09-13,6.925000190734863,79.35530090332031,11.459248912294878,93.16999816894531,3.5810000896453857
2022-09-14,6.924099922180176,79.60240173339844,11.49642590777838,94.0999984741211,3.5455000400543213
2022-09-15,6.960999965667725,79.45369720458984,11.414121188976095,90.83999633789062,3.5234999656677246
2022-09-16,6.993000030517578,79.8490982055664,11.418432411998213,91.3499984741211,3.561000108718872
2022-09-19,6.979000091552734,79.68949890136719,11.418469387587777,92.0,3.557499885559082
2022-09-20,7.0055999755859375,79.7074966430664,11.377683127903659,90.62000274658203,3.5480000972747803
2022-09-21,7.017199993133545,79.76270294189453,11.36674215070737,89.83000183105469,3.51200008392334
2022-09-22,7.047900199890137,80.05069732666016,11.358091780003921,90.45999908447266,3.498500108718872
2022-09-23,7.076600074768066,81.06220245361328,11.454964474062082,86.1500015258789,3.371500015258789
2022-09-26,7.127399921417236,81.25479888916016,11.400342310664557,84.05999755859375,3.313499927520752
2022-09-27,7.1479997634887695,81.61579895019531,11.417991277375277,86.2699966430664,3.322999954223633
2022-09-28,7.176799774169922,81.72460174560547,11.387332002732073,89.31999969482422,3.381999969482422
2022-09-29,7.198999881744385,81.42870330810547,11.311113299862221,88.48999786376953,3.440000057220459
2022-09-30,7.123899936676025,81.48059844970703,11.437639379270317,87.95999908447266,3.441999912261963
2022-10-03,7.114999771118164,81.52130126953125,11.457667447924555,88.86000061035156,3.4579999446868896
2022-10-04,7.1149001121521,81.49500274658203,11.454131676056882,91.80000305175781,3.5179998874664307
2022-10-05,7.114999771118164,81.46549987792969,11.449824665999518,93.37000274658203,3.5325000286102295
2022-10-06,7.114999771118164,81.6488037109375,11.475587679197622,94.41999816894531,3.4749999046325684
2022-10-07,7.114999771118164,82.3489990234375,11.573998829587575,97.91999816894531,3.4124999046325684
2022-10-10,7.114999771118164,82.8322982788086,11.641925642084878,96.19000244140625,3.4535000324249268
2022-10-11,7.153600215911865,82.42070007324219,11.521569221874117,94.29000091552734,3.4779999256134033
2022-10-12,7.164400100708008,82.2739028930664,11.48371136962826,92.44999694824219,3.444499969482422
2022-10-13,7.174099922180176,82.19999694824219,11.457882917702934,94.56999969482422,3.4674999713897705
2022-10-14,7.16949987411499,82.19210052490234,11.464133059218195,91.62999725341797,3.450500011444092
2022-10-17,7.190000057220459,82.41280364990234,11.462142280115897,91.62000274658203,3.4554998874664307
2022-10-18,7.195499897003174,82.1947021484375,11.423070436380725,90.02999877929688,3.4065001010894775
2022-10-19,7.2006001472473145,82.2863998413086,11.42771410140938,92.41000366210938,3.3605000972747803
2022-10-20,7.22730016708374,82.99700164794922,11.483818262586292,92.37999725341797,3.4509999752044678
2022-10-21,7.215799808502197,82.82569885253906,11.478380921120845,93.5,3.5230000019073486
2022-10-24,7.242800235748291,82.54129791259766,11.396323966688817,93.26000213623047,3.4795000553131104
2022-10-25,7.261899948120117,82.7614974975586,11.396672783819199,93.5199966430664,3.450500011444092
2022-10-26,7.303800106048584,82.44529724121094,11.288000225106725,95.69000244140625,3.629499912261963
2022-10-27,7.171899795532227,82.04959869384766,11.440427366952463,96.95999908447266,3.625499963760376
2022-10-28,7.22790002822876,82.44249725341797,11.40614797263888,95.7699966430664,3.4660000801086426
2022-10-31,7.251399993896484,82.23919677734375,11.341147481391816,94.83000183105469,3.4135000705718994
2022-11-01,7.301799774169922,82.72899627685547,11.3299458812208,94.6500015258789,3.509500026702881
2022-11-02,7.276599884033203,82.68450164794922,11.363068323899604,96.16000366210938,3.505500078201294
2022-11-03,7.288700103759766,82.88839721679688,11.372178308453128,94.66999816894531,3.4565000534057617
2022-11-04,7.30079984664917,82.68180084228516,11.325033226357167,98.56999969482422,3.7144999504089355
2022-11-07,7.175099849700928,81.9749984741211,11.424927902228145,97.91999816894531,3.629499912261963
2022-11-08,7.228799819946289,81.82599639892578,11.31944422823065,95.36000061035156,3.7054998874664307
2022-11-09,7.248199939727783,81.40519714355469,11.231091556590252,92.6500015258789,3.741499900817871
2022-11-10,7.240799903869629,81.34380340576172,11.234090775287127,93.66999816894531,3.7960000038146973
2022-11-11,7.1859002113342285,80.48290252685547,11.200114134609164,95.98999786376953,3.9509999752044678
2022-11-14,7.107100009918213,80.49700164794922,11.326279570515789,93.13999938964844,3.8550000190734863
2022-11-15,7.07289981842041,80.99199676513672,11.451031238164017,93.86000061035156,3.8394999504089355
2022-11-16,7.043000221252441,81.07140350341797,11.510918778446555,92.86000061035156,3.7880001068115234
2022-11-17,7.087200164794922,81.49530029296875,11.498941528107233,89.77999877929688,3.689500093460083
2022-11-18,7.156199932098389,81.52490234375,11.39220579599496,87.62000274658203,3.631999969482422
2022-11-21,7.118899822235107,81.5198974609375,11.451193231616912,87.44999694824219,3.571500062942505
2022-11-22,7.1641998291015625,81.72769927978516,11.40779169053892,88.36000061035156,3.614500045776367
2022-11-23,7.1392998695373535,81.71499633789062,11.44579970461249,85.41000366210938,3.617500066757202
2022-11-24,7.165800094604492,81.63289642333984,11.392014198778103,,
2022-11-25,7.150300025939941,81.65540313720703,11.419856906839799,83.62999725341797,3.626499891281128
2022-11-28,7.170499801635742,81.6697006225586,11.38968034054307,83.19000244140625,3.6105000972747803
2022-11-29,7.207099914550781,81.65029907226562,11.329147651667444,83.02999877929688,3.630000114440918
2022-11-30,7.15939998626709,81.63089752197266,11.401918830985025,85.43000030517578,3.7295000553131104
2022-12-01,7.076200008392334,81.3052978515625,11.489966048887096,86.87999725341797,3.813999891281128
2022-12-02,7.043700218200684,81.16220092773438,11.522665419237176,85.56999969482422,3.8480000495910645
2022-12-05,7.023900032043457,81.42250061035156,11.592206642876064,82.68000030517578,3.7894999980926514
2022-12-06,6.960899829864502,81.89900207519531,11.765576876113375,79.3499984741211,3.811500072479248
2022-12-07,6.994900226593018,82.37220001220703,11.776036447102802,77.16999816894531,3.8554999828338623
2022-12-08,6.972599983215332,82.25350189208984,11.796675858373222,76.1500015258789,3.880500078201294
2022-12-09,6.966300010681152,82.2791976928711,11.811032767281864,76.0999984741211,3.875999927520752
2022-12-12,6.956600189208984,82.41300201416016,11.846735441544919,77.98999786376953,3.7985000610351562
2022-12-13,6.976500034332275,82.64469909667969,11.846154760979609,80.68000030517578,3.8394999504089355
2022-12-14,6.943399906158447,82.40249633789062,11.86774454180635,82.69999694824219,3.875
2022-12-15,6.949900150299072,82.50800323486328,11.871825702605634,81.20999908447266,3.763000011444092
2022-12-16,6.9721999168396,82.85790252685547,11.88403997520682,79.04000091552734,3.7614998817443848
2022-12-19,6.972099781036377,82.72599792480469,11.865291737478229,79.80000305175781,3.7829999923706055
2022-12-20,6.978600025177002,82.58190155029297,11.833591444180582,79.98999786376953,3.797499895095825
2022-12-21,6.9608001708984375,82.63690185546875,11.871753221842988,82.19999694824219,3.805999994277954
2022-12-22,6.980599880218506,82.87860107421875,11.872704709673819,80.9800033569336,3.751499891281128
2022-12-23,6.982999801635742,82.8749008178711,11.868094396688647,83.91999816894531,3.802999973297119
2022-12-26,6.988699913024902,82.6041030883789,11.819666621316635,,
2022-12-27,6.96120023727417,82.90290069580078,11.909282576285072,84.33000183105469,3.8334999084472656
2022-12-28,6.959000110626221,82.7761001586914,11.894826676650624,83.26000213623047,3.8320000171661377
2022-12-29,6.97760009765625,82.85199737548828,11.873996247408613,82.26000213623047,3.821000099182129
2022-12-30,6.963099956512451,82.83509826660156,11.896296015272267,85.91000366210938,3.805500030517578
2023-01-02,6.896900177001953,82.74980163574219,11.998115024438864,,
2023-01-03,6.89709997177124,82.70600128173828,11.991416917290037,82.0999984741211,3.7660000324249268
2023-01-04,6.914100170135498,82.78569793701172,11.973459437945825,77.83999633789062,3.739500045776367
2023-01-05,6.887800216674805,82.66649627685547,12.001871958586516,78.69000244140625,3.818000078201294
2023-01-06,6.881499767303467,82.64520263671875,12.009766102063457,78.56999969482422,3.9084999561309814
2023-01-09,6.837399959564209,82.27339935302734,12.032848720213106,79.6500015258789,4.018499851226807
2023-01-10,6.770999908447266,82.18009948730469,12.137069945131683,80.0999984741211,4.066999912261963
2023-01-11,6.777400016784668,81.63739776611328,12.045533326044353,82.66999816894531,4.1545000076293945
2023-01-12,6.769000053405762,81.63179779052734,12.059653884838578,84.02999877929688,4.185999870300293
2023-01-13,6.737800121307373,81.1156005859375,12.038884966240017,85.27999877929688,4.207499980926514
2023-01-16,6.7017998695373535,81.27799987792969,12.127786782678212,,
2023-01-17,6.732500076293945,81.65260314941406,12.128125098271303,85.91999816894531,4.215000152587891
2023-01-18,6.77239990234375,81.52549743652344,12.037903640083274,84.9800033569336,4.228499889373779
2023-01-19,6.747099876403809,81.43599700927734,12.069777904737728,86.16000366210938,4.226500034332275
2023-01-20,6.7758002281188965,81.23979949951172,11.989698155853922,87.62999725341797,4.248499870300293
2023-01-23,6.782599925994873,80.97599792480469,11.938784361208967,88.19000244140625,4.254000186920166
2023-01-24,6.7829999923706055,81.48799896240234,12.013563180607187,86.12999725341797,4.245500087738037
2023-01-25,6.7835001945495605,81.60189819335938,12.029467952094299,86.12000274658203,4.239999771118164
2023-01-26,6.782899856567383,81.50270080566406,12.015908022989754,87.47000122070312,4.267000198364258
2023-01-27,6.78249979019165,81.44509887695312,12.008124054015159,86.66000366210938,4.223999977111816
2023-01-30,6.782400131225586,81.50800323486328,12.01757514417462,84.9000015258789,4.203499794006348
2023-01-31,6.747799873352051,81.57990264892578,12.089852126631014,84.48999786376953,4.228499889373779
2023-02-01,6.753600120544434,81.76840209960938,12.107379862611367,82.83999633789062,4.111000061035156
2023-02-02,6.740799903869629,81.71029663085938,12.121750800517413,82.16999816894531,4.093999862670898
2023-02-03,6.731500148773193,82.0458984375,12.188352763009707,79.94000244140625,4.063000202178955
2023-02-06,6.774199962615967,82.22599792480469,12.138112010064106,80.98999786376953,4.043499946594238
2023-02-07,6.794000148773193,82.75499725341797,12.180599858885962,83.69000244140625,4.088500022888184
2023-02-08,6.791200160980225,82.74189758300781,12.183692958781096,85.08999633789062,4.043499946594238
2023-02-09,6.7881999015808105,82.65950012207031,12.176939589363135,84.5,4.105500221252441
2023-02-10,6.779699802398682,82.533203125,12.173577817678515,86.38999938964844,4.027500152587891
2023-02-13,6.808300018310547,82.51300048828125,12.119471860283344,86.61000061035156,4.086999893188477
2023-02-14,6.821899890899658,82.59739685058594,12.107682342388223,85.58000183105469,4.110000133514404
2023-02-15,6.825900077819824,82.86759948730469,12.140171778455391,85.37999725341797,4.052000045776367
2023-02-16,6.851900100708008,82.73770141601562,12.075147068689214,85.13999938964844,4.165500164031982
2023-02-17,6.8597002029418945,82.69529724121094,12.055234892881428,83.0,4.113999843597412
2023-02-20,6.857600212097168,82.75800323486328,12.06807056043801,,
2023-02-21,6.854100227355957,82.69750213623047,12.06540601874623,83.05000305175781,4.234499931335449
2023-02-22,6.872499942779541,82.86119842529297,12.056922388533373,80.5999984741211,4.202499866485596
2023-02-23,6.891300201416016,82.83529663085938,12.020271096858977,82.20999908447266,4.072999954223633
2023-02-24,6.9070000648498535,82.6178970336914,11.961473325320922,83.16000366210938,3.9549999237060547
2023-02-27,6.954999923706055,82.91799926757812,11.922070478383885,82.44999694824219,4.008999824523926
2023-02-28,6.943900108337402,82.6520004272461,11.902821057003324,83.88999938964844,4.097499847412109
2023-03-01,6.932300090789795,82.6353988647461,11.92034357752846,84.30999755859375,4.168000221252441
2023-03-02,6.868000030517578,82.4198989868164,12.000567650056515,84.75,4.084000110626221
2023-03-03,6.91379976272583,82.35569763183594,11.911785191673882,85.83000183105469,4.078000068664551
2023-03-06,6.906799793243408,81.7125015258789,11.830732607279906,86.18000030517578,4.100500106811523
2023-03-07,6.9293999671936035,81.85440063476562,11.81262461718118,83.29000091552734,3.9865000247955322
2023-03-08,6.961400032043457,82.07460021972656,11.789956020618785,82.66000366210938,4.041500091552734
2023-03-09,6.950300216674805,81.9645004272461,11.79294388328738,81.58999633789062,4.054500102996826
2023-03-10,6.963600158691406,82.01840209960938,11.77816075456897,82.77999877929688,4.045499801635742
2023-03-13,6.905200004577637,81.95800018310547,11.869026259742423,80.7699966430664,4.069499969482422
2023-03-14,6.844600200653076,82.41739654541016,12.041228724731988,77.44999694824219,4.010499954223633
2023-03-15,6.870500087738037,82.30490112304688,11.979462931663242,73.69000244140625,3.8564999103546143
2023-03-16,6.905900001525879,82.7156982421875,11.977540686067163,74.69999694824219,3.885499954223633
2023-03-17,6.897500038146973,82.622802734375,11.978659264577805,72.97000122070312,3.9135000705718994
2023-03-20,6.886099815368652,82.53299713134766,11.98544885265059,73.79000091552734,3.9755001068115234
2023-03-21,6.877699851989746,82.52909851074219,11.999520230134234,75.31999969482422,4.018499851226807
2023-03-22,6.882999897003174,82.677001953125,12.011768587868522,76.69000244140625,4.06850004196167
2023-03-23,6.879199981689453,82.52580261230469,11.996424414461824,75.91000366210938,4.145999908447266
2023-03-24,6.818399906158447,82.26529693603516,12.065190963899362,74.98999786376953,4.101500034332275
2023-03-27,6.867000102996826,82.33879852294922,11.990504920338616,78.12000274658203,4.104499816894531
2023-03-28,6.884399890899658,82.21489715576172,11.94220243720006,78.6500015258789,4.111999988555908
2023-03-29,6.873300075531006,82.16429901123047,11.954126563415429,78.27999877929688,4.114999771118164
2023-03-30,6.8856000900268555,82.25540161132812,11.94600333099033,79.2699966430664,4.0904998779296875
2023-03-31,6.8703999519348145,82.10050201416016,11.949886846258396,79.7699966430664,4.104499816894531
2023-04-03,6.868000030517578,82.18479919433594,11.966336463184673,84.93000030517578,4.059500217437744
2023-04-04,6.877299785614014,82.14089965820312,11.94377186087279,84.94000244140625,3.9835000038146973
2023-04-05,6.878799915313721,82.11479949951172,11.937372871786273,84.98999786376953,3.997999906539917
2023-04-06,6.878499984741211,81.94999694824219,11.913934306903307,85.12000274658203,4.026000022888184
2023-04-07,6.874899864196777,81.831298828125,11.90290774332401,,
2023-04-10,6.86929988861084,81.88480377197266,11.920400200861227,84.18000030517578,3.9865000247955322
2023-04-11,6.881100177764893,81.98390197753906,11.914359602328728,85.61000061035156,4.024499893188477
2023-04-12,6.885499954223633,82.07009887695312,11.91926503849739,87.33000183105469,4.084499835968018
2023-04-13,6.873700141906738,81.96060180664062,11.923796516370158,86.08999633789062,4.124000072479248
2023-04-14,6.867800235748291,81.68070220947266,11.893284516970668,86.30999755859375,4.107500076293945
2023-04-17,6.8703999519348145,81.84480285644531,11.91266933934414,84.76000213623047,4.065999984741211
2023-04-18,6.878799915313721,82.00370025634766,11.921221908750303,84.7699966430664,4.0894999504089355
2023-04-19,6.874899864196777,82.10790252685547,11.943141594608297,83.12000274658203,4.072000026702881
2023-04-20,6.8850998878479,82.34010314941406,11.959173358507568,81.0999984741211,4.021999835968018
2023-04-21,6.872099876403809,82.14089965820312,11.952809350202244,81.66000366210938,3.9800000190734863
2023-04-24,6.892499923706055,82.05480194091797,11.904940565715322,82.7300033569336,3.953000068664551
2023-04-25,6.894899845123291,81.85230255126953,11.871427343380924,80.7699966430664,3.8459999561309814
2023-04-26,6.931600093841553,81.9916000366211,11.828668550781995,77.69000244140625,3.8499999046325684
2023-04-27,6.92579984664917,81.76689910888672,11.806130832447758,78.37000274658203,3.864500045776367
2023-04-28,6.922299861907959,81.76509857177734,11.8118400246881,79.54000091552734,3.869999885559082
2023-05-01,6.911099910736084,81.74479675292969,11.828044422558964,79.30999755859375,3.9170000553131104
2023-05-02,6.910999774932861,81.77469635009766,11.832542181046747,75.31999969482422,3.8480000495910645
2023-05-03,6.910600185394287,81.77870178222656,11.833805977528224,72.33000183105469,3.8315000534057617
2023-05-04,6.910600185394287,81.77999877929688,11.833993659789607,72.5,3.8499999046325684
2023-05-05,6.905700206756592,81.71610260009766,11.833137864882401,75.30000305175781,3.871500015258789
2023-05-08,6.9095001220703125,81.72979736328125,11.828612188922333,77.01000213623047,3.9179999828338623
2023-05-09,6.911499977111816,81.78710174560547,11.833480722918665,77.44000244140625,3.8889999389648438
2023-05-10,6.919400215148926,82.1050033569336,11.8659133456651,76.41000366210938,3.828000068664551
2023-05-11,6.932199954986572,81.9198989868164,11.817301797229403,74.9800033569336,3.697499990463257
2023-05-12,6.947700023651123,82.10030364990234,11.816903920782316,74.16999816894531,3.7165000438690186
2023-05-15,6.957300186157227,82.20030212402344,11.814971314242758,75.2300033569336,3.737499952316284
2023-05-16,6.951600074768066,82.2667007446289,11.834210808994742,74.91000366210938,3.6545000076293945
2023-05-17,6.976600170135498,82.2959976196289,11.796003155220312,76.95999908447266,3.743000030517578
2023-05-18,6.997099876403809,82.45030212402344,11.783496531480003,75.86000061035156,3.68149995803833
2023-05-19,7.035099983215332,82.72509765625,11.75890859456431,75.58000183105469,3.7225000858306885
2023-05-22,7.006899833679199,82.90480041503906,11.83188034407896,75.98999786376953,3.6740000247955322
2023-05-23,7.030900001525879,82.82499694824219,11.780141508237511,76.83999633789062,3.6414999961853027
2023-05-24,7.056399822235107,82.8906021118164,11.746868686582005,78.36000061035156,3.553499937057495
2023-05-25,7.059800148010254,82.71369934082031,11.71615309310597,76.26000213623047,3.5804998874664307
2023-05-26,7.077400207519531,82.74210357666016,11.691030767025028,76.94999694824219,3.6735000610351562
2023-05-29,7.054800033569336,82.57479858398438,11.704768128233697,,
2023-05-30,7.072299957275391,82.57969665527344,11.676498049311716,73.54000091552734,3.6579999923706055
2023-05-31,7.078999996185303,82.68389892578125,11.680166544757387,72.66000366210938,3.63100004196167
2023-06-01,7.110799789428711,82.66680145263672,11.625527915373674,74.27999877929688,3.7065000534057617
2023-06-02,7.0929999351501465,82.27670288085938,11.59970444566453,76.12999725341797,3.7225000858306885
2023-06-05,7.083799839019775,82.40979766845703,11.633558194927842,76.70999908447266,3.762500047683716
2023-06-06,7.105000019073486,82.51119995117188,11.613117484823256,76.29000091552734,3.7669999599456787
2023-06-07,7.118800163269043,82.51719665527344,11.59144726116044,76.94999694824219,3.754499912261963
2023-06-08,7.128799915313721,82.61810302734375,11.58934238705,75.95999908447266,3.7964999675750732
2023-06-09,7.111199855804443,82.48829650878906,11.599771934613656,74.79000091552734,3.7890000343322754
2023-06-12,7.127600193023682,82.4448013305664,11.56697894071855,71.83999633789062,3.750499963760376
2023-06-13,7.144599914550781,82.33719635009766,11.524395674334219,74.29000091552734,3.8285000324249268
2023-06-14,7.166500091552734,82.29039764404297,11.482647958246725,73.19999694824219,3.865999937057495
2023-06-15,7.162600040435791,82.04499816894531,11.454639056455466,75.66999816894531,3.8965001106262207
2023-06-16,7.119900226593018,81.9126968383789,11.504753470060267,76.61000061035156,3.884500026702881
2023-06-19,7.1255998611450195,81.91480255126953,11.495846545908426,,
2023-06-20,7.160399913787842,81.98139953613281,11.449276649796053,75.9000015258789,3.878499984741211
2023-06-21,7.180799961090088,81.9917984008789,11.418198368588458,77.12000274658203,3.9110000133514404
2023-06-22,7.178400039672852,81.94149780273438,11.415008546454423,74.13999938964844,3.8884999752044678
2023-06-23,7.178500175476074,81.91929626464844,11.411756531609416,73.8499984741211,3.805999994277954
2023-06-26,7.178500175476074,81.98480224609375,11.420881833530995,74.18000030517578,3.7864999771118164
2023-06-27,7.236499786376953,82.00650024414062,11.332343351757112,72.26000213623047,3.7815001010894775
2023-06-28,7.218699932098389,81.99839782714844,11.359164198325736,74.02999877929688,3.7204999923706055
2023-06-29,7.2434000968933105,82.02649688720703,11.32430844492328,74.33999633789062,3.677500009536743
2023-06-30,7.251800060272217,82.07540130615234,11.317934943599564,74.9000015258789,3.740999937057495
2023-07-03,7.242400169372559,82.09629821777344,11.33550981689069,74.6500015258789,3.7790000438690186
2023-07-04,7.239799976348877,81.95010375976562,11.31938783218899,,
2023-07-05,7.213500022888184,82.0071029663086,11.368559327109297,76.6500015258789,3.753499984741211
2023-07-06,7.246399879455566,82.39409637451172,11.370349103712742,76.5199966430664,3.7200000286102295
2023-07-07,7.249199867248535,82.76840209960938,11.417591405301462,78.47000122070312,3.7669999599456787
2023-07-10,7.211299896240234,82.61530303955078,11.456367676876681,77.69000244140625,3.7715001106262207
2023-07-11,7.230599880218506,82.52529907226562,11.41334058575673,79.4000015258789,3.753499984741211
2023-07-12,7.209199905395508,82.39990234375,11.42982625326845,80.11000061035156,3.8420000076293945
2023-07-13,7.165299892425537,82.00180053710938,11.444294274939386,81.36000061035156,3.929500102996826
2023-07-14,7.150000095367432,82.03079986572266,11.472838989033212,79.87000274658203,3.921999931335449
2023-07-17,7.1402997970581055,82.07679748535156,11.494867136974872,78.5,3.8320000171661377
2023-07-18,7.170599937438965,82.06159973144531,11.444174887374103,79.62999725341797,3.815999984741211
2023-07-19,7.179299831390381,82.07540130615234,11.432229219246466,79.45999908447266,3.799499988555908
2023-07-20,7.225900173187256,82.06169891357422,11.356605674968495,79.63999938964844,3.817500114440918
2023-07-21,7.176499843597412,82.0823974609375,11.437664495202094,81.06999969482422,3.802999973297119
2023-07-24,7.1778998374938965,81.99030303955078,11.422603393164234,82.73999786376953,3.8405001163482666
2023-07-25,7.185299873352051,81.81420135498047,11.3863308138889,83.63999938964844,3.9019999504089355
2023-07-26,7.13539981842041,81.95010375976562,11.485005163720064,82.91999816894531,3.890500068664551
2023-07-27,7.150000095367432,81.97550201416016,11.465105023882872,84.23999786376953,3.8635001182556152
2023-07-28,7.173099994659424,82.3749008178711,11.483863445260981,84.98999786376953,3.9170000553131104
2023-07-31,7.102799892425537,82.25279998779297,11.580334689635249,85.55999755859375,3.994499921798706
2023-08-01,7.095699787139893,82.2332992553711,11.589173967648563,84.91000366210938,3.8935000896453857
2023-08-02,7.176499843597412,82.30729675292969,11.469002793382764,83.19999694824219,3.827500104904175
2023-08-03,7.190400123596191,82.7332992553711,11.506077246504196,85.13999938964844,3.875999927520752
2023-08-04,7.162799835205078,82.7843017578125,11.557533878153151,86.23999786376953,3.8450000286102295
2023-08-07,7.131199836730957,82.69529724121094,11.596266986555188,85.33999633789062,3.812999963760376
2023-08-08,7.192299842834473,82.74829864501953,11.505123597907255,86.16999816894531,3.747999906539917
2023-08-09,7.215700149536133,82.84500122070312,11.481214505016382,87.55000305175781,3.7674999237060547
2023-08-10,7.208600044250488,82.86630249023438,11.495477898836649,86.4000015258789,3.750999927520752
2023-08-11,7.214700222015381,82.79989624023438,11.476553937414291,86.80999755859375,3.7144999504089355
2023-08-14,7.192299842834473,82.89730072021484,11.525840486586995,86.20999908447266,3.7244999408721924
2023-08-15,7.257299900054932,83.2333984375,11.46892089120776,84.88999938964844,3.6614999771118164
2023-08-16,7.281499862670898,83.19419860839844,11.425420610786402,83.44999694824219,3.6514999866485596
2023-08-17,7.296999931335449,83.23699951171875,11.407016622581393,84.12000274658203,3.685499906539917
2023-08-18,7.280399799346924,83.09829711914062,11.413974425771896,84.80000305175781,3.6989998817443848
2023-08-21,7.280700206756592,83.16729736328125,11.422980620202,84.45999908447266,3.7119998931884766
2023-08-22,7.197999954223633,83.1135025024414,11.546749518061914,84.02999877929688,3.750499963760376
2023-08-23,7.292399883270264,83.07330322265625,11.391764652571709,83.20999908447266,3.803499937057495
2023-08-24,7.170499801635742,82.5447006225586,11.511708096516285,83.36000061035156,3.7674999237060547
2023-08-25,7.276500225067139,82.64140319824219,11.357300988399224,84.4800033569336,3.759999990463257
2023-08-28,7.289000034332275,82.66429901123047,11.340965649865456,84.41999816894531,3.753999948501587
2023-08-29,7.289100170135498,82.69149780273438,11.344541283920538,85.48999786376953,3.7929999828338623
2023-08-30,7.279399871826172,82.49469757080078,11.332623433709717,85.86000061035156,3.7850000858306885
2023-08-31,7.283599853515625,82.70040130615234,11.354330683917894,86.86000061035156,3.7725000381469727
2023-09-01,7.256899833679199,82.68240356445312,11.393626129538804,88.55000305175781,3.8125
2023-09-04,7.140100002288818,82.6969985961914,11.582050471237405,,
2023-09-05,7.271900177001953,82.7345962524414,11.3773008757872,90.04000091552734,3.811000108718872
2023-09-06,7.303400039672852,83.08609771728516,11.376358581749948,90.5999984741211,3.748500108718872
2023-09-07,7.315899848937988,83.25740051269531,11.380336285601471,89.91999816894531,3.7260000705718994
2023-09-08,7.3277997970581055,83.24150085449219,11.35968546628569,90.6500015258789,3.680500030517578
2023-09-11,7.232399940490723,83.03130340576172,11.480463482240447,90.63999938964844,3.7699999809265137
2023-09-12,7.288000106811523,82.94329833984375,11.380803666882928,92.05999755859375,3.752000093460083
2023-09-13,7.290900230407715,82.84300231933594,11.362520361179495,91.87999725341797,3.75600004196167
2023-09-14,7.268799781799316,82.93679809570312,11.409971465079064,93.69999694824219,3.7825000286102295
2023-09-15,7.275899887084961,83.0282974243164,11.411412844161758,93.93000030517578,3.7634999752044678
2023-09-18,7.273900032043457,83.08580017089844,11.422455602205622,94.43000030517578,3.741499900817871
2023-09-19,7.290599822998047,83.25489807128906,11.419485377412048,94.33999633789062,3.7139999866485596
2023-09-20,7.295599937438965,83.19499969482422,11.403448709939658,93.52999877929688,3.746500015258789
2023-09-21,7.285999774932861,83.08699798583984,11.4036509130424,93.30000305175781,3.6665000915527344
2023-09-22,7.30649995803833,82.89129638671875,11.344870575893857,93.2699966430664,3.6654999256134033
2023-09-25,7.297500133514404,82.97480010986328,11.37030470596284,93.29000091552734,3.6494998931884766
2023-09-26,7.309899806976318,83.0282974243164,11.358335902918538,93.95999908447266,3.625
2023-09-27,7.310699939727783,83.29869842529297,11.394079788808105,96.55000305175781,3.627000093460083
2023-09-28,7.30810022354126,83.22270202636719,11.387734086936243,95.37999725341797,3.694499969482422
2023-09-29,7.299900054931641,83.19300079345703,11.39645750865504,95.30999755859375,3.7260000705718994
2023-10-02,7.163599967956543,83.03479766845703,11.59121084927683,90.70999908447266,3.631999969482422
2023-10-03,7.179900169372559,83.3593978881836,11.61010542232487,90.91999816894531,3.615499973297119
2023-10-04,7.194300174713135,83.22979736328125,11.56885247238102,85.80999755859375,3.5840001106262207
2023-10-05,7.200300216674805,83.44979858398438,11.589766547612456,84.06999969482422,3.546999931335449
2023-10-06,7.197700023651123,83.22489929199219,11.562707395212522,84.58000183105469,3.624500036239624
2023-10-09,7.30049991607666,83.12460327148438,11.386152212457818,88.1500015258789,3.6424999237060547
2023-10-10,7.29040002822876,83.27030181884766,11.421911211513946,87.6500015258789,3.631999969482422
2023-10-11,7.295000076293945,83.25029754638672,11.411966645061378,85.81999969482422,3.614000082015991
2023-10-12,7.298699855804443,83.21800231933594,11.401757020211631,86.0,3.5940001010894775
2023-10-13,7.301499843597412,83.26239776611328,11.403464979750012,90.88999938964844,3.5799999237060547
2023-10-16,7.168099880218506,83.28230285644531,11.618462946683524,89.6500015258789,3.5869998931884766
2023-10-17,7.309299945831299,83.19950103759766,11.38269077123435,89.9000015258789,3.575500011444092
2023-10-18,7.311699867248535,83.26429748535156,11.38781664963017,91.5,3.5820000171661377
2023-10-19,7.313499927520752,83.26860046386719,11.385602145222817,92.37999725341797,3.5915000438690186
2023-10-20,7.311200141906738,83.12229919433594,11.369172992254853,92.16000366210938,3.5420000553131104
2023-10-23,7.315400123596191,83.15979766845703,11.36777158644008,89.83000183105469,3.572999954223633
2023-10-24,7.3140997886657715,83.02940368652344,11.351964846745624,88.06999969482422,3.609999895095825
2023-10-25,7.309000015258789,82.98780059814453,11.354193518250552,90.12999725341797,3.572000026702881
2023-10-26,7.315700054168701,83.1709976196289,11.368836475497055,87.93000030517578,3.56850004196167
2023-10-27,7.314899921417236,83.28250122070312,11.385323396819274,90.4800033569336,3.634000062942505
2023-10-30,7.158699989318848,83.41339874267578,11.652031635231664,87.44999694824219,3.6494998931884766
2023-10-31,7.312099933624268,83.29650115966797,11.391597751096622,87.41000366210938,3.6414999961853027
2023-11-01,7.315499782562256,83.2771987915039,11.383664994428589,84.62999725341797,3.6449999809265137
2023-11-02,7.315899848937988,85.19400024414062,11.645047363040078,86.8499984741211,3.6670000553131104
2023-11-03,7.3140997886657715,83.24729919433594,11.38175600548127,84.88999938964844,3.674499988555908
2023-11-06,7.298500061035156,83.15850067138672,11.393916554902685,85.18000030517578,3.7095000743865967
2023-11-07,7.268599987030029,83.2228012084961,11.449632853231364,81.61000061035156,3.6700000762939453
2023-11-08,7.27810001373291,83.23269653320312,11.436047371725163,79.54000091552734,3.628000020980835
2023-11-09,7.279300212860107,83.21769714355469,11.43210126112626,80.01000213623047,3.634999990463257
2023-11-10,7.282299995422363,83.31939697265625,11.441357404258357,81.43000030517578,3.5834999084472656
2023-11-13,7.18179988861084,83.29889678955078,11.598610109096636,82.5199966430664,3.6624999046325684
2023-11-14,7.289000034332275,83.19760131835938,11.414131009258648,82.47000122070312,3.682499885559082
2023-11-15,7.252099990844727,82.98159790039062,11.442423298789198,81.18000030517578,3.7174999713897705
2023-11-16,7.245800018310547,83.18620300292969,11.480609841937873,77.41999816894531,3.7044999599456787
2023-11-17,7.241000175476074,83.12030029296875,11.479118668506846,80.61000061035156,3.737499952316284
2023-11-20,7.209700107574463,83.29149627685547,11.55269914616143,82.31999969482422,3.8125
2023-11-21,7.167500019073486,83.32219696044922,11.625001288973829,82.44999694824219,3.814500093460083
2023-11-22,7.086900234222412,83.345703125,11.760530044225302,81.95999908447266,3.7664999961853027
2023-11-23,7.154200077056885,83.54830169677734,11.67821710280539,81.37000274658203,3.7790000438690186
2023-11-24,7.0858001708984375,83.34400177001953,11.762115746971736,80.58000183105469,3.7964999675750732
2023-11-27,7.081900119781494,83.31449890136719,11.764427271241688,79.9800033569336,3.762500047683716
2023-11-28,7.130300045013428,83.364501953125,11.691584004438345,81.68000030517578,3.8010001182556152
2023-11-29,7.063799858093262,83.41809844970703,11.809238671185136,83.0999984741211,3.7860000133514404
2023-11-30,7.07889986038208,83.3302993774414,11.771645456352548,82.83000183105469,3.8289999961853027
2023-12-01,7.075399875640869,83.35269927978516,11.780634415695877,78.87999725341797,3.9089999198913574
2023-12-04,7.061800003051758,83.21859741210938,11.784332234861713,78.02999877929688,3.820499897003174
2023-12-05,7.135200023651123,83.41709899902344,11.690926494354734,77.19999694824219,3.7725000381469727
2023-12-06,7.145599842071533,83.31590270996094,11.659749293462728,74.30000305175781,3.7165000438690186
2023-12-07,7.144599914550781,83.28959655761719,11.657699178926528,74.05000305175781,3.7844998836517334
2023-12-08,7.148799896240234,83.35489654541016,11.659984578565274,75.83999633789062,3.819999933242798
2023-12-11,7.1265997886657715,83.43009948730469,11.706859085870502,76.02999877929688,3.7799999713897705
2023-12-12,7.174200057983398,83.34349822998047,11.617113762702564,73.23999786376953,3.7860000133514404
2023-12-13,7.176000118255615,83.39600372314453,11.621516492312562,74.26000213623047,3.7860000133514404
2023-12-14,7.1717000007629395,83.2853012084961,11.613048677389745,76.61000061035156,3.8884999752044678
2023-12-15,7.066999912261963,83.29660034179688,11.786698935324566,76.55000305175781,3.884999990463257
2023-12-18,7.070499897003174,83.04170227050781,11.74481344744874,77.94999694824219,3.8480000495910645
2023-12-19,7.131999969482422,83.11119842529297,11.653280816169781,79.2300033569336,3.8959999084472656
2023-12-20,7.067599773406982,83.09159851074219,11.756692678522647,79.69999694824219,3.9014999866485596
2023-12-21,7.134099960327148,83.26719665527344,11.671717121756597,79.38999938964844,3.9084999561309814
2023-12-22,7.138500213623047,83.13159942626953,11.645527343071583,79.06999969482422,3.8954999446868896
2023-12-25,7.0833001136779785,83.16500091552734,11.740996369041916,,
2023-12-26,7.135499954223633,83.17230224609375,11.656128201200891,81.06999969482422,3.8954999446868896
2023-12-27,7.142399787902832,83.18280029296875,11.646337752453517,79.6500015258789,3.94350004196167
2023-12-28,7.140200138092041,83.26719665527344,11.66174547560001,78.38999938964844,3.9130001068115234
2023-12-29,7.10699987411499,82.302001953125,11.580414156595687,77.04000091552734,3.880500078201294
2024-01-01,7.068600177764893,83.24859619140625,11.77723935402011,,
2024-01-02,7.068600177764893,83.20259857177734,11.77073203737012,75.88999938964844,3.86899995803833
2024-01-03,7.089600086212158,83.25700378417969,11.743540223953923,78.25,3.8475000858306885
2024-01-04,7.098899841308594,83.31809997558594,11.736762292483236,77.58999633789062,3.8310000896453857
2024-01-05,7.110000133514404,83.2406005859375,11.707538540479954,78.76000213623047,3.7945001125335693
2024-01-08,7.09250020980835,83.19110107421875,11.72944640300077,76.12000274658203,3.799499988555908
2024-01-09,7.090000152587891,83.05069732666016,11.713779342634595,77.58999633789062,3.748500108718872
2024-01-10,7.101600170135498,83.131103515625,11.705967883860584,76.80000305175781,3.7809998989105225
2024-01-11,7.170400142669678,83.02559661865234,11.578934922276224,77.41000366210938,3.7764999866485596
2024-01-12,7.103099822998047,83.07610321044922,11.695753302166715,78.29000091552734,3.740000009536743
2024-01-15,7.100599765777588,82.87210083007812,11.671140968892898,,
2024-01-16,7.0970001220703125,82.8593978881836,11.675270742987127,78.29000091552734,3.7664999961853027
2024-01-17,7.116499900817871,83.08899688720703,11.6755424780738,77.87999725341797,3.7325000762939453
2024-01-18,7.114500045776367,83.17759704589844,11.691277884702258,79.0999984741211,3.744999885559082
2024-01-19,7.114999771118164,83.16059875488281,11.688067664099677,78.55999755859375,3.7869999408721924
2024-01-22,7.107100009918213,83.12470245361328,11.69600854604688,80.05999755859375,3.7639999389648438
2024-01-23,7.192699909210205,83.09510040283203,11.552699466361624,79.55000305175781,3.7904999256134033
2024-01-24,7.077600002288818,83.22139739990234,11.758420562477317,80.04000091552734,3.882499933242798
2024-01-25,7.081999778747559,83.09760284423828,11.733635334698354,82.43000030517578,3.865499973297119
2024-01-26,7.081099987030029,83.14610290527344,11.741975548652967,83.55000305175781,3.8505001068115234
2024-01-29,7.086599826812744,83.12129974365234,11.72936270920166,82.4000015258789,3.872999906539917
2024-01-30,7.084499835968018,83.1530990600586,11.73732810859705,82.87000274658203,3.9065001010894775
2024-01-31,7.094099998474121,83.10970306396484,11.715327255302437,81.70999908447266,3.9024999141693115
2024-02-01,7.1006999015808105,83.05359649658203,11.696536629873911,78.69999694824219,3.8524999618530273
2024-02-02,7.088500022888184,82.92759704589844,11.698892117956133,77.33000183105469,3.821500062942505
2024-02-05,7.112599849700928,82.99929809570312,11.669333274694639,77.98999786376953,3.7720000743865967
2024-02-06,7.108500003814697,83.10369873046875,11.690750325085753,78.58999633789062,3.7825000286102295
2024-02-07,7.100100040435791,83.07060241699219,11.699919993224977,79.20999908447266,3.737499952316284
2024-02-08,7.101099967956543,83.01260375976562,11.690104932243878,81.62999725341797,3.7054998874664307
2024-02-09,7.10699987411499,82.98529815673828,11.676558270246508,82.19000244140625,3.686000108718872
2024-02-12,7.178999900817871,83.0145034790039,11.563519240270004,82.0,3.7284998893737793
2024-02-13,7.192200183868408,82.99019622802734,11.538916340811596,82.7699966430664,3.7139999866485596
2024-02-14,7.188700199127197,83.07460021972656,11.556275532232226,81.5999984741211,3.700500011444092
2024-02-15,7.175899982452393,83.04309844970703,11.572499429030046,82.86000061035156,3.756500005722046
2024-02-16,7.163899898529053,83.00959777832031,11.587207938983694,83.47000122070312,3.8380000591278076
2024-02-19,7.118599891662598,83.01599884033203,11.661843635510618,,
2024-02-20,7.197199821472168,83.02100372314453,11.535181151349889,82.33999633789062,3.866499900817871
2024-02-21,7.189700126647949,82.8291015625,11.520522428397493,83.02999877929688,3.874500036239624
2024-02-22,7.1880998611450195,82.93840026855469,11.538292715836466,83.66999816894531,3.8975000381469727
2024-02-23,7.193299770355225,82.87229919433594,11.520762631896194,81.62000274658203,3.881999969482422
2024-02-26,7.194399833679199,82.88179779052734,11.520321320276382,82.52999877929688,3.8239998817443848
2024-02-27,7.196300029754639,82.85199737548828,11.513138283968013,83.6500015258789,3.8310000896453857
2024-02-28,7.197400093078613,82.94819641113281,11.524744399147691,83.68000030517578,3.827500104904175
2024-02-29,7.196000099182129,82.91190338134766,11.521943057056255,83.62000274658203,3.8345000743865967
2024-03-01,7.18720006942749,82.910400390625,11.535841438908125,83.55000305175781,3.8550000190734863
2024-03-04,7.195799827575684,82.84609985351562,11.513119019241405,82.80000305175781,3.8519999980926514
2024-03-05,7.19890022277832,82.9104995727539,11.517106364443498,82.04000091552734,3.8440001010894775
2024-03-06,7.196000099182129,82.88480377197266,11.51817713029118,82.95999908447266,3.870500087738037
2024-03-07,7.195899963378906,82.81909942626953,11.509206610396095,82.95999908447266,3.9195001125335693
2024-03-08,7.192299842834473,82.7522964477539,11.505679442744336,82.08000183105469,3.884999990463257
2024-03-11,7.185200214385986,82.7520980834961,11.517020488560972,82.20999908447266,3.922499895095825
2024-03-12,7.183800220489502,82.7782974243164,11.522911952397797,81.91999816894531,3.924999952316284
2024-03-13,7.181000232696533,82.83509826660156,11.535314800497675,84.02999877929688,4.052499771118164
2024-03-14,7.186600208282471,82.83110046386719,11.525769913902451,85.41999816894531,4.0370001792907715
2024-03-15,7.192200183868408,82.9655990600586,11.535496362593538,85.33999633789062,4.112500190734863
2024-03-18,7.195000171661377,82.88890075683594,11.520347293848126,86.88999938964844,4.114500045776367
2024-03-19,7.197199821472168,82.86360168457031,11.513311251600179,87.37999725341797,4.058499813079834
2024-03-20,7.197999954223633,83.04239654541016,11.536870946586024,85.94999694824219,4.03849983215332
2024-03-21,7.1975998878479,83.05460357666016,11.539208190342139,85.77999877929688,4.046500205993652
2024-03-22,7.198200225830078,83.22660064697266,11.562140262273015,85.43000030517578,3.996000051498413
2024-03-25,7.228099822998047,83.59359741210938,11.56508618574068,86.75,4.006999969482422
2024-03-26,7.208399772644043,83.41739654541016,11.572248928531975,86.25,3.996000051498413
2024-03-27,7.217700004577637,83.34549713134766,11.547376183339285,86.08999633789062,3.992500066757202
2024-03-28,7.225800037384033,83.36499786376953,11.537130481395149,87.4800033569336,4.003499984741211
2024-03-29,7.226500034332275,83.39299774169922,11.53988754521672,,
2024-04-01,7.220300197601318,83.36479949951172,11.545891059655197,87.41999816894531,4.046000003814697
2024-04-02,7.229700088500977,83.40969848632812,11.53708970846431,88.91999816894531,4.070000171661377
2024-04-03,7.232399940490723,83.35030364990234,11.52457059008368,89.3499984741211,4.192999839782715
2024-04-04,7.234399795532227,83.37329864501953,11.524563336478677,90.6500015258789,4.246500015258789
2024-04-05,7.23390007019043,83.47779846191406,11.539805312753863,91.16999816894531,4.239500045776367
2024-04-08,7.231400012969971,83.29679870605469,11.518765184702358,90.37999725341797,4.2769999504089355
2024-04-09,7.229700088500977,83.26959991455078,11.517711508807013,89.41999816894531,4.285999774932861
2024-04-10,7.2307000160217285,83.22429656982422,11.509853317855322,90.4800033569336,4.2820000648498535
2024-04-11,7.231500148773193,83.4126968383789,11.53463252746108,89.73999786376953,4.251999855041504
2024-04-12,7.235899925231934,83.34929656982422,11.518857008950771,90.44999694824219,4.257500171661377
2024-04-15,7.235599994659424,83.61109924316406,11.555517069058155,90.0999984741211,4.379000186920166
2024-04-16,7.236999988555908,83.50599670410156,11.538758717169017,90.0199966430664,4.305500030517578
2024-04-17,7.236199855804443,83.6675033569336,11.562353863101302,87.29000091552734,4.34250020980835
2024-04-18,7.237400054931641,83.5958023071289,11.550529426678002,87.11000061035156,4.440499782562256
2024-04-19,7.236700057983398,83.54499816894531,11.544626348964119,87.29000091552734,4.501999855041504
2024-04-22,7.2393999099731445,83.38529968261719,11.518261281262264,87.0,4.500500202178955
2024-04-23,7.242499828338623,83.38619995117188,11.51345556473421,88.41999816894531,4.490499973297119
2024-04-24,7.244500160217285,83.2833023071289,11.496072947099083,88.0199966430664,4.4670000076293945
2024-04-25,7.244200229644775,83.3405990600586,11.504458244957327,89.01000213623047,4.570499897003174
2024-04-26,7.23859977722168,83.30180358886719,11.507999634266296,89.5,4.568999767303467
2024-04-29,7.24459981918335,83.40229797363281,11.512340233450516,88.4000015258789,4.658999919891357
2024-04-30,7.23769998550415,83.45110321044922,11.530058357984887,87.86000061035156,4.564499855041504
2024-05-01,7.240699768066406,83.49839782714844,11.531813291776118,83.44000244140625,4.552499771118164
2024-05-02,7.2399001121521,83.40640258789062,11.520380294735533,83.66999816894531,4.49399995803833
2024-05-03,7.238399982452393,83.40630340576172,11.522754145661816,82.95999908447266,4.573500156402588
2024-05-06,7.236199855804443,83.37999725341797,11.522622220907229,83.33000183105469,4.634500026702881
2024-05-07,7.208000183105469,83.4728012084961,11.58057700999294,83.16000366210938,4.625500202178955
2024-05-08,7.218400001525879,83.46990203857422,11.5634908041851,83.58000183105469,4.561999797821045
2024-05-09,7.223800182342529,83.46430206298828,11.554071258366747,83.87999725341797,4.607500076293945
2024-05-10,7.218699932098389,83.45939636230469,11.56155500953813,82.79000091552734,4.69350004196167
2024-05-13,7.225800037384033,83.5248031616211,11.559246412783338,83.36000061035156,4.804500102996826
2024-05-14,7.2322998046875,83.50550079345703,11.546189047546711,82.37999725341797,4.953499794006348
2024-05-15,7.2322998046875,83.52420043945312,11.548774621499822,82.75,4.9695000648498535
2024-05-16,7.217700004577637,83.40509796142578,11.555633776483962,83.2699966430664,4.892000198364258
2024-05-17,7.2170000076293945,83.47010040283203,11.56576144029268,83.9800033569336,5.057000160217285
2024-05-20,7.222700119018555,83.30039978027344,11.533138356517089,83.70999908447266,5.087500095367432
2024-05-21,7.2316999435424805,83.31500244140625,11.520804664441599,82.87999725341797,5.11899995803833
2024-05-22,7.237599849700928,83.31680297851562,11.511661974785529,81.9000015258789,4.867499828338623
2024-05-23,7.240300178527832,83.26709747314453,11.500503490184741,81.36000061035156,4.816500186920166
2024-05-24,7.241499900817871,83.2863998413086,11.501263685980586,82.12000274658203,4.778500080108643
2024-05-27,7.241499900817871,83.05220031738281,11.468922385540973,,
2024-05-28,7.241499900817871,83.14569854736328,11.481833830857695,84.22000122070312,4.875500202178955
2024-05-29,7.244999885559082,83.20649719238281,11.484678882912354,83.5999984741211,4.805500030517578
2024-05-30,7.2494001388549805,83.3656005859375,11.499655004435281,81.86000061035156,4.671999931335449
2024-05-31,7.233500003814697,83.3208999633789,11.51875301298657,81.62000274658203,4.610000133514404
2024-06-03,7.241000175476074,83.45079803466797,11.524761222531158,78.36000061035156,4.677000045776367
2024-06-04,7.242000102996826,83.09339904785156,11.473819092251397,77.5199966430664,4.547999858856201
2024-06-05,7.242000102996826,83.62940216064453,11.547832224696833,78.41000366210938,4.619500160217285
2024-06-06,7.246699810028076,83.38079833984375,11.506037303278429,79.87000274658203,4.690999984741211
2024-06-07,7.244100093841553,83.47309875488281,11.522907976636882,79.62000274658203,4.494500160217285
2024-06-10,7.246799945831299,83.52760314941406,11.52613619442649,81.62999725341797,4.55649995803833
2024-06-11,7.246799945831299,83.52980041503906,11.526439399377837,81.91999816894531,4.5229997634887695
2024-06-12,7.246699810028076,83.5968017578125,11.535844446340963,82.5999984741211,4.581500053405762
2024-06-13,7.238100051879883,83.5343017578125,11.540915593742993,82.75,4.507500171661377
2024-06-14,7.2515997886657715,83.52210235595703,11.517748467931424,82.62000274658203,4.551000118255615
2024-06-17,7.254300117492676,83.55180358886719,11.51755541342911,84.25,4.521500110626221
2024-06-18,7.255000114440918,83.51010131835938,11.510696071821467,85.33000183105469,4.561999797821045
2024-06-19,7.252699851989746,83.37409973144531,11.495594941595714,,
2024-06-20,7.25629997253418,83.41950225830078,11.496148529422975,85.70999908447266,4.618000030517578
2024-06-21,7.259099960327148,83.60160064697266,11.51679975532462,85.23999786376953,4.49399995803833
2024-06-24,7.259200096130371,83.5625,11.511254531273257,86.01000213623047,4.5269999504089355
2024-06-25,7.257699966430664,83.46040344238281,11.49956650569955,85.01000213623047,4.38100004196167
2024-06-26,7.26140022277832,83.41459655761719,11.487398297638732,85.25,4.367499828338623
2024-06-27,7.263500213623047,83.58039855957031,11.506903848204097,86.38999938964844,4.328499794006348
2024-06-28,7.267199993133545,83.45089721679688,11.483225629629834,86.41000366210938,4.390500068664551
2024-07-01,7.2657999992370605,83.36750030517578,11.473960240294216,86.5999984741211,4.426499843597412
2024-07-02,7.266900062561035,83.44129943847656,11.482378830055051,86.23999786376953,4.429500102996826
2024-07-03,7.269400119781494,83.4791030883789,11.48363024635493,87.33999633789062,4.540999889373779
2024-07-04,7.268599987030029,83.49120330810547,11.486559097637207,,
2024-07-05,7.2657999992370605,83.49340057373047,11.49128803194385,86.54000091552734,4.6585001945495605
2024-07-08,7.2677998542785645,83.47209930419922,11.485195104135823,85.75,4.622000217437744
2024-07-09,7.267099857330322,83.45760345458984,11.48430668259033,84.66000366210938,4.578000068664551
2024-07-10,7.271699905395508,83.49299621582031,11.481908948672316,85.08000183105469,4.607500076293945
2024-07-11,7.274499893188477,83.49590301513672,11.477889097684725,85.4000015258789,4.508500099182129
2024-07-12,7.254799842834473,83.51850128173828,11.512171678206817,85.02999877929688,4.598499774932861
2024-07-15,7.2494001388549805,83.52030181884766,11.520994871175565,84.8499984741211,4.5289998054504395
2024-07-16,7.258900165557861,83.58760070800781,11.515188086566546,83.7300033569336,4.443999767303467
2024-07-17,7.2606000900268555,83.52960205078125,11.504503899824662,85.08000183105469,4.39900016784668
2024-07-18,7.259399890899658,83.57209777832031,11.512259833362508,85.11000061035156,4.265999794006348
2024-07-19,7.258900165557861,83.67430114746094,11.527132105285043,82.62999725341797,4.218999862670898
2024-07-22,7.269000053405762,83.73030090332031,11.518819684708896,82.4000015258789,4.180500030517578
2024-07-23,7.27269983291626,83.67130279541016,11.50484754185971,81.01000213623047,4.145999908447266
2024-07-24,7.2743000984191895,83.70680236816406,11.507196738605101,81.70999908447266,4.098999977111816
2024-07-25,7.261199951171875,83.74299621582031,11.532941769811083,82.37000274658203,4.112500190734863
2024-07-26,7.230100154876709,83.73760223388672,11.58180390867831,81.12999725341797,4.104499816894531
2024-07-29,7.250100135803223,83.72779846191406,11.548502350807606,79.77999877929688,4.061999797821045
2024-07-30,7.258299827575684,83.75050354003906,11.53858417667657,78.62999725341797,4.063000202178955
2024-07-31,7.250699996948242,83.73899841308594,11.549091597822413,80.72000122070312,4.159999847412109
2024-08-01,7.217199802398682,83.7177963256836,11.599761488916998,79.5199966430664,4.066500186920166
2024-08-02,7.242800235748291,83.743896484375,11.562364521810256,76.80999755859375,4.084000110626221
2024-08-05,7.157199859619141,83.73529815673828,11.699449477325917,76.30000305175781,3.9839999675750732
2024-08-06,7.120200157165527,84.00260162353516,11.797786546632091,76.4800033569336,4.011499881744385
2024-08-07,7.156300067901611,83.93489837646484,11.728812036954796,78.33000183105469,3.9375
2024-08-08,7.180300235748291,83.94239807128906,11.69065294141437,79.16000366210938,3.944999933242798
2024-08-09,7.173699855804443,83.98899841308594,11.707905279188404,79.66000366210938,3.9800000190734863
2024-08-12,7.166299819946289,83.94979858398438,11.714525025916872,82.30000305175781,4.054999828338623
2024-08-13,7.173999786376953,83.88999938964844,11.69361609808675,80.69000244140625,4.035999774932861
2024-08-14,7.152900218963623,83.88200378417969,11.726992019515864,79.76000213623047,4.025000095367432
2024-08-15,7.13730001449585,83.97149658203125,11.765162794261867,81.04000091552734,4.138999938964844
2024-08-16,7.173399925231934,83.94830322265625,11.702721735529334,79.68000030517578,4.127500057220459
2024-08-19,7.164000034332275,83.88980102539062,11.709910751446502,77.66000366210938,4.166500091552734
2024-08-20,7.140500068664551,83.87860107421875,11.746880508035078,77.19999694824219,4.149499893188477
2024-08-21,7.131999969482422,83.77940368652344,11.746971963686564,76.05000305175781,4.18149995803833
2024-08-22,7.131800174713135,83.88860321044922,11.7626126861895,77.22000122070312,4.140999794006348
2024-08-23,7.144400119781494,83.94059753417969,11.749145642300189,79.0199966430664,4.194499969482422
2024-08-26,7.124000072479248,83.81379699707031,11.764991036545846,81.43000030517578,4.21150016784668
2024-08-27,7.118100166320801,83.88369750976562,11.784562671183002,79.55000305175781,4.230500221252441
2024-08-28,7.1230998039245605,83.92160034179688,11.781612310915428,78.6500015258789,4.144999980926514
2024-08-29,7.124300003051758,83.94149780273438,11.782420415588518,79.94000244140625,4.147500038146973
2024-08-30,7.0954999923706055,83.89510345458984,11.823705664829477,78.80000305175781,4.144999980926514
2024-09-02,7.092100143432617,83.86380004882812,11.82495993467988,,
2024-09-03,7.116600036621094,83.92729949951172,11.793173575532249,73.75,4.0320000648498535
2024-09-04,7.1203999519348145,83.95030212402344,11.790110484062312,72.69999694824219,4.019499778747559
2024-09-05,7.1118998527526855,83.98249816894531,11.80872901865169,72.69000244140625,4.077499866485596
2024-09-06,7.091300010681152,83.98359680175781,11.843187663088422,71.05999755859375,4.014500141143799
2024-09-09,7.087900161743164,83.98259735107422,11.848727470001489,71.83999633789062,4.084499835968018
2024-09-10,7.11359977722168,83.98090362548828,11.805682953151498,69.19000244140625,4.040500164031982
2024-09-11,7.120800018310547,83.98200225830078,11.79389984866139,70.61000061035156,4.083000183105469
2024-09-12,7.119699954986572,83.99259948730469,11.797210559200186,71.97000122070312,4.132999897003174
2024-09-13,7.116600036621094,83.93479919433594,11.794227406685556,71.61000061035156,4.175000190734863
2024-09-16,7.092700004577637,83.88480377197266,11.826921160888421,72.75,4.2129998207092285
2024-09-17,7.09250020980835,83.88400268554688,11.827141375271605,73.69999694824219,4.213500022888184
2024-09-18,7.09250020980835,83.77059936523438,11.811152187121047,73.6500015258789,4.23799991607666
2024-09-19,7.080999851226807,83.69170379638672,11.819192988951533,74.87999725341797,4.285999774932861
2024-09-20,7.066999912261963,83.61470031738281,11.831710960163281,74.48999786376953,4.281499862670898
2024-09-23,7.050899982452393,83.48709869384766,11.840630118371042,73.9000015258789,4.289000034332275
2024-09-24,7.051300048828125,83.55960083007812,11.850240416866834,75.16999816894531,4.429500102996826
2024-09-25,7.030200004577637,83.56759643554688,11.886944380121868,73.45999908447266,4.427999973297119
2024-09-26,7.032299995422363,83.62409973144531,11.891429516072971,71.5999984741211,4.580999851226807
2024-09-27,7.008999824523926,83.61710357666016,11.929962287071351,71.9800033569336,4.540999889373779
2024-09-30,7.010300159454346,83.71640014648438,11.941913790036708,71.7699966430664,4.495999813079834
2024-10-01,7.017499923706055,83.82730102539062,11.945465185145322,73.55999755859375,4.5355000495910645
2024-10-02,7.030399799346924,83.87210083007812,11.92991909761224,73.9000015258789,4.5960001945495605
2024-10-03,7.037700176239014,83.91960144042969,11.924293354207197,77.62000274658203,4.501999855041504
2024-10-04,7.045100212097168,84.0093994140625,11.924514468908425,78.05000305175781,4.522500038146973
2024-10-07,7.017499923706055,84.02780151367188,11.97403668360789,80.93000030517578,4.519000053405762
2024-10-08,7.019100189208984,83.96410369873047,11.962231829631824,77.18000030517578,4.4120001792907715
2024-10-09,7.057799816131592,83.91459655761719,11.88962548439226,76.58000183105469,4.355000019073486
2024-10-10,7.080100059509277,83.94219970703125,11.856075338128667,79.4000015258789,4.385000228881836
2024-10-11,7.080100059509277,83.94599914550781,11.85661197439717,79.04000091552734,4.451499938964844
2024-10-14,7.065199851989746,84.16829681396484,11.913080815436642,77.45999908447266,4.363500118255615
2024-10-15,7.087200164794922,84.04850006103516,11.859196594804688,74.25,4.30049991607666
2024-10-16,7.117800235748291,84.05619812011719,11.809294351639021,74.22000122070312,4.331500053405762
2024-10-17,7.1184000968933105,84.03929901123047,11.805925189272209,74.44999694824219,4.286499977111816
2024-10-18,7.123000144958496,84.05380249023438,11.800337046142815,73.05999755859375,4.3460001945495605
2024-10-21,7.100800037384033,84.0687026977539,11.839328280637684,74.29000091552734,4.322999954223633
2024-10-22,7.118000030517578,84.07350158691406,11.811393822205526,76.04000091552734,4.3480000495910645
2024-10-23,7.121699810028076,84.08399963378906,11.806731802341663,74.95999908447266,4.304500102996826
2024-10-24,7.12529993057251,84.06759643554688,11.798464240759635,74.37999725341797,4.319499969482422
2024-10-25,7.11870002746582,84.08180236816406,11.81139843563492,76.05000305175781,4.3394999504089355
2024-10-28,7.120100021362305,84.10199737548828,11.81191234998927,71.41999816894531,4.331999778747559
2024-10-29,7.127500057220459,84.10279846191406,11.799761176671527,71.12000274658203,4.332499980926514
2024-10-30,7.130099773406982,84.08930206298828,11.793565971771502,72.55000305175781,4.327499866485596
2024-10-31,7.114799976348877,84.08910369873047,11.81889919298655,73.16000366210938,4.313499927520752
2024-11-01,7.118500232696533,84.09149932861328,11.813092165448857,73.0999984741211,4.347499847412109
2024-11-04,7.121699810028076,84.13359832763672,11.81369624835465,75.08000183105469,4.4070000648498535
2024-11-05,7.097799777984619,84.15249633789062,11.856138376699217,75.52999877929688,4.450500011444092
2024-11-06,7.102200031280518,84.11630249023438,11.843696617915212,74.91999816894531,4.222499847412109
2024-11-07,7.1768999099731445,84.2511978149414,11.73921872560386,75.62999725341797,4.409999847412109
2024-11-08,7.141200065612793,84.306396484375,11.805634306527525,73.87000274658203,4.286499977111816
2024-11-11,7.178199768066406,84.38289642333984,11.755439964032945,71.83000183105469,4.210999965667725
2024-11-12,7.211100101470947,84.39649963378906,11.703692702389965,71.88999938964844,4.119500160217285
2024-11-13,7.231599807739258,84.39530181884766,11.670350138641219,72.27999877929688,4.065999984741211
2024-11-14,7.223499774932861,84.4229965209961,11.687270596167599,72.55999755859375,4.072999954223633
2024-11-15,7.2291998863220215,84.47380065917969,11.685082995008617,71.04000091552734,4.051000118255615
2024-11-18,7.230999946594238,84.47750091552734,11.682685871864207,73.30000305175781,4.107999801635742
2024-11-19,7.235400199890137,84.39849853515625,11.664662106242274,73.30999755859375,4.130000114440918
2024-11-20,7.238100051879883,84.39759826660156,11.660186742608204,72.80999755859375,4.143499851226807
2024-11-21,7.24399995803833,84.38310241699219,11.648688970981588,74.2300033569336,4.11299991607666
2024-11-22,7.233699798583984,84.48829650878906,11.679817916321031,75.16999816894531,4.073999881744385
2024-11-25,7.242000102996826,84.43599700927734,11.659209584150203,73.01000213623047,4.0914998054504395
2024-11-26,7.239500045776367,84.37750244140625,11.65515600633684,72.80999755859375,4.039000034332275
2024-11-27,7.251999855041504,84.33910369873047,11.629771840121995,72.83000183105469,4.066999912261963
2024-11-28,7.246200084686279,84.42030334472656,11.650285992397007,,
2024-11-29,7.2428998947143555,84.47160339355469,11.662677190278366,72.94000244140625,4.08050012588501
2024-12-02,7.240699768066406,84.55699920654297,11.678014821090077,71.83000183105469,4.075500011444092
2024-12-03,7.270899772644043,84.73709869384766,11.654279572476247,73.62000274658203,4.145999908447266
2024-12-04,7.28380012512207,84.68309783935547,11.62622482559353,72.30999755859375,4.142000198364258
2024-12-05,7.263000011444092,84.70700073242188,11.662811592861296,72.08999633789062,4.135000228881836
2024-12-06,7.259200096130371,84.68379974365234,11.665720550780017,71.12000274658203,4.138500213623047
2024-12-09,7.2692999839782715,84.66600036621094,11.647063754806794,72.13999938964844,4.223499774932861
2024-12-10,7.259500026702881,84.84729766845703,11.687760500910553,72.19000244140625,4.223499774932861
2024-12-11,7.248700141906738,84.8740005493164,11.70885798663906,73.5199966430664,4.214000225067139
2024-12-12,7.261099815368652,84.85710144042969,11.68653559352309,73.41000366210938,4.195000171661377
2024-12-13,7.267600059509277,84.83920288085938,11.673620202841471,74.48999786376953,4.14900016784668
2024-12-16,7.275100231170654,84.802001953125,11.65647197406094,73.91000366210938,4.143499851226807
2024-12-17,7.282400131225586,84.91729736328125,11.66061955304702,73.19000244140625,4.0914998054504395
2024-12-18,7.284599781036377,84.91539764404297,11.656837739404551,73.38999938964844,4.099999904632568
2024-12-19,7.285399913787842,85.16549682617188,11.689886325250804,72.87999725341797,4.020500183105469
2024-12-20,7.295400142669678,85.27940368652344,11.689475836662785,72.94000244140625,4.040999889373779
2024-12-23,7.295400142669678,84.94499969482422,11.643638187574377,72.62999725341797,4.0229997634887695
2024-12-24,7.296999931335449,85.0988998413086,11.662176324802891,73.58000183105469,4.049499988555908
2024-12-25,7.294600009918213,85.18150329589844,11.677337095944962,,
2024-12-26,7.2972002029418945,85.41339874267578,11.70495482750234,73.26000213623047,4.072000026702881
2024-12-27,7.297299861907959,85.26090240478516,11.683897334389211,74.16999816894531,4.0625
2024-12-30,7.297800064086914,85.38600158691406,11.700238542722722,74.38999938964844,4.045499801635742
2024-12-31,7.298099994659424,85.7865982055664,11.754648232874722,74.63999938964844,3.9860000610351562
2025-01-02,7.298099994659424,85.78569793701172,11.754524876308581,75.93000030517578,3.9885001182556152
2025-01-03,7.298600196838379,85.80400085449219,11.756227021677516,76.51000213623047,4.0395002365112305
2025-01-06,7.3196001052856445,85.75900268554688,11.716350818621692,76.30000305175781,4.126999855041504
2025-01-07,7.322299957275391,85.68070220947266,11.70133738161612,77.05000305175781,4.1605000495910645
2025-01-08,7.326399803161621,85.80650329589844,11.711960253502635,76.16000366210938,4.227499961853027
2025-01-09,7.331500053405762,85.90750122070312,11.717588569176346,76.91999816894531,4.2795000076293945
2025-01-10,7.332099914550781,85.91999816894531,11.718334333992694,79.76000213623047,4.274499893188477
2025-01-13,7.331699848175049,86.18800354003906,11.755528093732906,81.01000213623047,4.295499801635742
2025-01-14,7.329800128936768,86.65059661865234,11.821686143469446,79.91999816894531,4.310500144958496
2025-01-15,7.330900192260742,86.535400390625,11.804198409627883,82.02999877929688,4.359499931335449
2025-01-16,7.330100059509277,86.43099975585938,11.791244192326293,81.29000091552734,4.4105000495910645
2025-01-17,7.330999851226807,86.6061019897461,11.813682137130721,80.79000091552734,4.337500095367432
2025-01-20,7.323999881744385,86.56900024414062,11.819907378742633,,
2025-01-21,7.313300132751465,86.21109771728516,11.788261954572643,79.29000091552734,4.310999870300293
2025-01-22,7.271200180053711,86.45189666748047,11.8896323202096,79.0,4.271500110626221
2025-01-23,7.271200180053711,86.47270202636719,11.892493657866593,78.29000091552734,4.299499988555908
2025-01-24,7.286200046539307,86.44020080566406,11.8635503079167,78.5,4.289999961853027
2025-01-27,7.243100166320801,86.2030029296875,11.90139594237796,77.08000183105469,4.203499794006348
2025-01-28,7.250699996948242,86.46839904785156,11.925524305825007,77.48999786376953,4.2204999923706055
2025-01-29,7.250199794769287,86.58460235595703,11.942374666478042,76.58000183105469,4.257500171661377
2025-01-30,7.169000148773193,86.6406021118164,12.085451292206058,76.87000274658203,4.288000106811523
2025-01-31,7.1809000968933105,86.64700317382812,12.066315086504883,76.76000213623047,4.26200008392334
2025-02-03,7.185800075531006,86.55400085449219,12.045144583026287,75.95999908447266,4.294000148773193
2025-02-04,7.195000171661377,86.94339752197266,12.083863161590003,76.19999694824219,4.34250020980835
2025-02-05,7.1819000244140625,87.13009643554688,12.131900491423982,74.61000061035156,4.434500217437744
2025-02-06,7.270500183105469,87.33409881591797,12.012116995589526,74.29000091552734,4.453499794006348
2025-02-07,7.287799835205078,87.58830261230469,12.018483574314574,74.66000366210938,4.581500053405762
2025-02-10,7.286799907684326,87.51309967041016,12.009812370190492,75.87000274658203,4.700500011444092
2025-02-11,7.304500102996826,87.49009704589844,11.977561203675494,77.0,4.5945000648498535
2025-02-12,7.307199954986572,86.81120300292969,11.880228204743196,75.18000030517578,4.697999954223633
2025-02-13,7.308800220489502,86.8740005493164,11.88621906859264,75.0199966430664,4.769000053405762
2025-02-14,7.28879976272583,86.75409698486328,11.90238445409281,74.73999786376953,4.656499862670898
2025-02-17,7.252999782562256,86.43460083007812,11.91708305822443,,
2025-02-18,7.252999782562256,86.85479736328125,11.975017229712117,75.83999633789062,4.585000038146973
2025-02-19,7.278600215911865,86.88719940185547,11.937350153111852,76.04000091552734,4.557000160217285
2025-02-20,7.283299922943115,86.872802734375,11.927670651144968,76.4800033569336,4.607999801635742
2025-02-21,7.255499839782715,86.45120239257812,11.915264875144306,74.43000030517578,4.559999942779541
2025-02-24,7.25,86.52940368652344,11.935090163658405,74.77999877929688,4.517000198364258
2025-02-25,7.247600078582764,86.69010162353516,11.961214841270191,73.0199966430664,4.486000061035156
2025-02-26,7.247600078582764,87.0811996459961,12.015177258928508,72.52999877929688,4.541999816894531
2025-02-27,7.257999897003174,87.16220092773438,12.009121268205531,74.04000091552734,4.579999923706055
2025-02-28,7.285299777984619,87.3270034790039,11.98674126532124,73.18000030517578,4.514500141143799
2025-03-03,7.282800197601318,87.46399688720703,12.009665858472184,71.62000274658203,4.576499938964844
2025-03-04,7.284299850463867,87.32959747314453,11.988742812060838,71.04000091552734,4.527500152587891
2025-03-05,7.265100002288818,87.21700286865234,12.004928058963435,69.30000305175781,4.766499996185303
2025-03-06,7.2505998611450195,86.88929748535156,11.983739159428659,69.45999908447266,4.7789998054504395
2025-03-07,7.2505998611450195,87.12879943847656,12.016771178532133,70.36000061035156,4.683000087738037
2025-03-10,7.234000205993652,87.07379913330078,12.03674269474816,69.27999877929688,4.639500141143799
2025-03-11,7.259099960327148,87.3551025390625,12.03387513830649,69.55999755859375,4.739999771118164
2025-03-12,7.259099960327148,87.20010375976562,12.012522797087334,70.94999694824219,4.821000099182129
2025-03-13,7.237100124359131,87.3405990600586,12.06845249606007,69.87999725341797,4.898499965667725
2025-03-14,7.237100124359131,86.9220962524414,12.010625078941912,70.58000183105469,4.869500160217285
2025-03-17,7.237100124359131,86.93900299072266,12.012961199486154,71.06999969482422,4.933499813079834
2025-03-18,7.232699871063232,86.91639709472656,12.01714417080458,70.55999755859375,4.993000030517578
2025-03-19,7.22730016708374,86.57610321044922,11.97903798222666,70.77999877929688,5.076000213623047
2025-03-20,7.230000019073486,86.33709716796875,11.94150718398376,72.0,5.085000038146973
2025-03-21,7.247700214385986,86.33609771728516,11.912205963750587,72.16000366210938,5.087500095367432
2025-03-24,7.248499870300293,85.98699951171875,11.862730364946044,73.0,5.064000129699707
2025-03-25,7.252999782562256,85.53209686279297,11.792651237689295,73.0199966430664,5.183000087738037
2025-03-26,7.256899833679199,85.59040069580078,11.794347814830871,73.79000091552734,5.216000080108643
2025-03-27,7.256899833679199,86.09539794921875,11.863936380884144,74.02999877929688,5.097499847412109
2025-03-28,7.263299942016602,85.69490051269531,11.79834251604688,73.62999725341797,5.112500190734863
2025-03-31,7.262800216674805,85.53880310058594,11.7776615835027,74.73999786376953,5.019999980926514
2025-04-01,7.256700038909912,85.46810150146484,11.777819262638793,74.48999786376953,5.019000053405762
2025-04-02,7.269700050354004,85.61009979248047,11.776290520860158,74.94999694824219,5.023499965667725
2025-04-03,7.267499923706055,85.65119934082031,11.78551086893477,70.13999938964844,4.810999870300293
2025-04-04,7.267499923706055,85.28289794921875,11.734833002341308,65.58000183105469,4.384500026702881
2025-04-07,7.281300067901611,85.529296875,11.746432103799917,64.20999908447266,4.169000148773193
2025-04-08,7.30810022354126,86.0270004272461,11.771458764362745,62.81999969482422,4.127500057220459
2025-04-09,7.338799953460693,86.435302734375,11.777852412180204,65.4800033569336,4.17549991607666
2025-04-10,7.349999904632568,86.20929718017578,11.729156231123168,63.33000183105469,4.321000099182129
2025-04-11,7.314000129699707,86.2603988647461,11.79387439637463,64.76000213623047,4.507500171661377
2025-04-14,7.291600227355957,86.19300079345703,11.820862102407375,64.87999725341797,4.610499858856201
2025-04-15,7.3119001388549805,86.0447998046875,11.767775567318106,64.66999816894531,4.611000061035156
2025-04-16,7.3119001388549805,85.72669982910156,11.724271147188572,65.8499984741211,4.673999786376953
2025-04-17,7.3119001388549805,85.62049865722656,11.709746718536893,67.95999908447266,4.731500148773193
2025-04-21,,,,66.26000213623047,4.7210001945495605
2025-04-22,7.298999786376953,85.15889739990234,11.667200971679048,67.44000244140625,4.870500087738037
2025-04-23,7.311800003051758,85.2323989868164,11.656828544440847,66.12000274658203,4.8354997634887695
2025-04-24,7.285999774932861,85.4999008178711,11.7348206778745,66.55000305175781,4.849999904632568
2025-04-25,7.285999774932861,85.2573013305664,11.701524013751706,66.87000274658203,4.8354997634887695
2025-04-28,7.286399841308594,85.38490295410156,11.718393831481933,65.86000061035156,4.8379998207092285
2025-04-29,7.294000148773193,85.1603012084961,11.675390659653269,64.25,4.822999954223633
2025-04-30,7.269000053405762,85.1707992553711,11.71698976882877,63.119998931884766,4.559999942779541
2025-05-01,7.270599842071533,84.53119659423828,11.626440518029352,62.130001068115234,4.580999851226807
2025-05-02,7.270599842071533,84.69670104980469,11.649204039494075,61.290000915527344,4.627500057220459
2025-05-05,7.270599842071533,84.52629852294922,11.62576683616053,60.22999954223633,4.65500020980835
2025-05-06,7.269999980926514,84.2208023071289,11.584704611841762,62.150001525878906,4.735000133514404
2025-05-07,7.216300010681152,84.79319763183594,11.750231767849163,61.119998931884766,4.616499900817871
2025-05-08,7.225200176239014,84.81719970703125,11.73907956017099,62.84000015258789,4.560999870300293
2025-05-09,7.225200176239014,86.08219909667969,11.914161130064176,63.90999984741211,4.611000061035156
2025-05-12,7.236299991607666,85.4083023071289,11.802758648229288,64.95999908447266,4.578499794006348
2025-05-13,7.2017998695373535,84.9656982421875,11.797842175756784,66.62999725341797,4.68149995803833
2025-05-14,7.205699920654297,85.060302734375,11.804585768352576,66.08999633789062,4.611000061035156
2025-05-15,7.205699920654297,85.48760223388672,11.863885975718542,64.52999877929688,4.644499778747559
2025-05-16,7.206500053405762,85.44490051269531,11.85664329140113,65.41000366210938,4.555500030517578
2025-05-19,7.209000110626221,85.50029754638672,11.86021587381549,65.54000091552734,4.633500099182129
2025-05-20,7.209000110626221,85.37210083007812,11.842433003189695,65.37999725341797,4.619500160217285
2025-05-21,7.219399929046631,85.53610229492188,11.84809030329166,64.91000366210938,4.638000011444092
2025-05-22,7.201900005340576,85.60030364990234,11.88579452455954,64.44000244140625,4.648499965667725
2025-05-23,7.203700065612793,85.97489929199219,11.93482495230437,64.77999877929688,4.80649995803833
2025-05-26,7.203700065612793,85.19930267333984,11.82715852927342,,
2025-05-27,7.203700065612793,85.158203125,11.821453190632791,64.08999633789062,4.710000038146973
2025-05-28,7.203700065612793,85.3604965209961,11.849535064413427,64.9000015258789,4.644000053405762
2025-05-29,7.203700065612793,85.38590240478516,11.853061846977617,64.1500015258789,4.653500080108643
2025-05-30,7.203700065612793,85.36129760742188,11.849646269269055,63.900001525878906,4.652500152587891
2025-06-02,7.203700065612793,85.52429962158203,11.87227380965462,64.62999725341797,4.834499835968018
2025-06-03,7.203700065612793,85.36370086669922,11.849979883835937,65.62999725341797,4.809500217437744
2025-06-04,7.203700065612793,85.70880126953125,11.897885876546459,64.86000061035156,4.864500045776367
2025-06-05,7.203700065612793,85.9041976928711,11.925010329474834,65.33999633789062,4.91349983215332
2025-06-06,7.175000190734863,85.87750244140625,11.96898956912929,66.47000122070312,4.829999923706055
2025-06-09,7.188600063323975,85.7853012084961,11.933519802578832,67.04000091552734,4.9095001220703125
2025-06-10,7.180200099945068,85.75599670410156,11.94339928002252,66.87000274658203,4.883999824523926
2025-06-11,7.180200099945068,85.65280151367188,11.929027091365763,69.7699966430664,4.801000118255615
2025-06-12,7.192800045013428,85.46980285644531,11.882688566561669,69.36000061035156,4.821499824523926
2025-06-13,7.192800045013428,85.68840026855469,11.91307970919616,74.2300033569336,4.802999973297119
2025-06-16,7.181000232696533,86.24919891357422,12.010750051345818,73.2300033569336,4.826499938964844
2025-06-17,7.178999900817871,86.10420227050781,11.993899353682725,76.44999694824219,4.80049991607666
2025-06-18,7.184500217437744,86.36270141601562,12.02069716782829,76.69999694824219,4.84499979019165
2025-06-19,7.188799858093262,86.61360168457031,12.048409107823385,,
2025-06-20,7.188000202178955,86.58380126953125,12.045603621892557,77.01000213623047,4.826000213623047
2025-06-23,7.188000202178955,86.5802993774414,12.04511643602843,71.4800033569336,4.8429999351501465
2025-06-24,7.178999900817871,86.23300170898438,12.011840493152846,67.13999938964844,4.867000102996826
2025-06-25,7.171299934387207,85.90480041503906,11.978971902027926,67.68000030517578,4.913000106811523
2025-06-26,7.176400184631348,86.006103515625,11.984574619990084,67.7300033569336,5.065499782562256
2025-06-27,7.167500019073486,85.66639709472656,11.952060951065098,67.7699966430664,5.06850004196167
2025-06-30,7.172100067138672,85.4552993774414,11.914961946638597,67.61000061035156,5.03000020980835
2025-07-01,7.163599967956543,85.71399688720703,11.965212640378274,67.11000061035156,5.047999858856201
2025-07-02,7.1645002365112305,85.6427993774414,11.953771589118595,69.11000061035156,5.14900016784668
2025-07-03,7.164899826049805,85.69409942626953,11.960264833669687,68.80000305175781,5.0970001220703125
2025-07-04,7.164899826049805,85.31909942626953,11.907926348958902,68.29000091552734,5.018499851226807
2025-07-07,7.164899826049805,85.49629974365234,11.9326580718978,69.58000183105469,4.984499931335449
2025-07-08,7.1743998527526855,85.89199829101562,11.972011604296133,70.1500015258789,5.644999980926514
2025-07-09,7.173799991607666,85.7073974609375,11.947280041428959,70.19000244140625,5.44350004196167
2025-07-10,7.179999828338623,85.70850372314453,11.937117795583093,68.63999938964844,5.547999858856201
2025-07-11,7.174799919128418,85.73480224609375,11.949434578310674,70.36000061035156,5.561999797821045
2025-07-14,7.168099880218506,85.82129669189453,11.972670320726396,69.20999908447266,5.514999866485596
2025-07-15,7.166999816894531,85.96839904785156,11.995032962774898,68.70999908447266,5.546000003814697
2025-07-16,7.172900199890137,85.99310302734375,11.988609994693759,68.5199966430664,5.496500015258789
2025-07-17,7.178500175476074,85.88520050048828,11.964226286975387,69.5199966430664,5.486000061035156
2025-07-18,7.183199882507324,86.04650115966797,11.978853793169556,69.27999877929688,5.578000068664551
2025-07-21,7.177700042724609,86.14859771728516,12.002256600929744,69.20999908447266,5.610499858856201
2025-07-22,7.17549991607666,86.19529724121094,12.012444881797148,68.58999633789062,5.697000026702881
2025-07-23,7.174300193786621,86.3427963256836,12.035013031718647,68.51000213623047,5.795000076293945
2025-07-24,7.1595001220703125,86.39869689941406,12.067699619569272,69.18000030517578,5.7769999504089355
2025-07-25,7.153500080108643,86.4302978515625,12.082239027562833,68.44000244140625,5.763500213623047
2025-07-28,7.153500080108643,86.506103515625,12.092836030877796,70.04000091552734,5.59499979019165
2025-07-29,7.177800178527832,86.77760314941406,12.089721222528121,72.51000213623047,5.603499889373779
2025-07-30,7.176400184631348,87.06320190429688,12.131876660215726,73.23999786376953,5.570000171661377
2025-07-31,7.176400184631348,87.714599609375,12.222646083369291,72.52999877929688,4.33050012588501
2025-08-01,7.200200080871582,87.4894027709961,12.150968277037869,69.66999816894531,4.412499904632568
2025-08-04,7.211599826812744,87.24530029296875,12.097912028977333,68.76000213623047,4.414999961853027
2025-08-05,7.177999973297119,87.89330291748047,12.244817949909777,67.63999938964844,4.363999843597412
2025-08-06,7.1834001541137695,87.72309875488281,12.211918711593116,66.88999938964844,4.390999794006348
2025-08-07,7.182799816131592,87.76249694824219,12.21842445770792,66.43000030517578,4.378499984741211
2025-08-08,7.181000232696533,87.43319702148438,12.17562932575653,66.58999633789062,4.45550012588501
