Date,USD/INR,USD/CNY,CNY/INR(calculated),INRCNY=X,Brent_Oil,Comex_Copper
2025-08-08,7.181000233,87.43319702,12.17562933,0.08213099837,66.58999634,4.455500126
2025-08-07,7.182799816,87.76249695,12.21842446,0.08184300363,66.43000031,4.378499985
2025-08-06,7.183400154,87.72309875,12.21191871,0.08188699931,66.88999939,4.390999794
2025-08-05,7.177999973,87.89330292,12.24481795,0.08166699857,67.63999939,4.363999844
2025-08-04,7.211599827,87.24530029,12.09791203,0.08265899867,68.76000214,4.414999962
2025-08-01,7.200200081,87.48940277,12.15096828,0.08229800314,69.66999817,4.412499905
2025-07-31,7.176400185,87.71459961,12.22264608,0.08185599744,72.52999878,4.330500126
2025-07-30,7.176400185,87.0632019,12.13187666,0.08242700249,73.23999786,5.570000172
2025-07-29,7.177800179,86.77760315,12.08972122,0.08271499723,72.51000214,5.603499889
2025-07-28,7.15350008,86.50610352,12.09283603,0.08269300312,70.04000092,5.59499979
2025-07-25,7.15350008,86.43029785,12.08223903,0.08276599646,68.44000244,5.763500214
2025-07-24,7.159500122,86.3986969,12.06769962,0.08286599815,69.18000031,5.77699995
2025-07-23,7.174300194,86.34279633,12.03501303,0.08309099823,68.51000214,5.795000076
2025-07-22,7.175499916,86.19529724,12.01244488,0.08324699849,68.58999634,5.697000027
2025-07-21,7.177700043,86.14859772,12.0022566,0.08331699669,69.20999908,5.610499859
2025-07-18,7.183199883,86.04650116,11.97885379,0.0834800005,69.27999878,5.578000069
2025-07-17,7.178500175,85.8852005,11.96422629,0.08358199894,69.51999664,5.486000061
2025-07-16,7.1729002,85.99310303,11.98860999,0.08341199905,68.51999664,5.496500015
2025-07-15,7.166999817,85.96839905,11.99503296,0.08336800337,68.70999908,5.546000004
2025-07-14,7.16809988,85.82129669,11.97267032,0.0835229978,69.20999908,5.514999866
2025-07-11,7.174799919,85.73480225,11.94943458,0.0836860016,70.36000061,5.561999798
2025-07-10,7.179999828,85.70850372,11.9371178,0.08377200365,68.63999939,5.547999859
2025-07-09,7.173799992,85.70739746,11.94728004,0.08370099962,70.19000244,5.443500042
2025-07-08,7.174399853,85.89199829,11.9720116,0.08352799714,70.15000153,5.644999981
2025-07-07,7.164899826,85.49629974,11.93265807,0.08380299807,69.58000183,4.984499931
2025-07-04,7.164899826,85.31909943,11.90792635,0.08389399946,68.29000092,5.018499851
2025-07-03,7.164899826,85.69409943,11.96026483,0.08360999823,68.80000305,5.097000122
2025-07-02,7.164500237,85.64279938,11.95377159,0.08357000351,69.11000061,5.149000168
2025-07-01,7.163599968,85.71399689,11.96521264,0.08358500153,67.11000061,5.047999859
2025-06-30,7.172100067,85.45529938,11.91496195,0.08392799646,67.61000061,5.03000021
2025-06-27,7.167500019,85.66639709,11.95206095,0.08366099745,67.76999664,5.068500042
2025-06-26,7.176400185,86.00610352,11.98457462,0.08344099671,67.73000336,5.065499783
2025-06-25,7.171299934,85.90480042,11.9789719,0.08341299742,67.68000031,4.913000107
2025-06-24,7.178999901,86.23300171,12.01184049,0.08313400298,67.13999939,4.867000103
2025-06-23,7.188000202,86.58029938,12.04511644,0.08302100003,71.48000336,4.842999935
2025-06-20,7.188000202,86.58380127,12.04560362,0.08287099749,77.01000214,4.826000214
2025-06-19,7.188799858,86.61360168,12.04840911,0.08299800009,76.85499954,4.835500002
2025-06-18,7.184500217,86.36270142,12.02069717,0.08319699764,76.69999695,4.84499979
2025-06-17,7.178999901,86.10420227,11.99389935,0.08337499946,76.44999695,4.800499916
2025-06-16,7.181000233,86.24919891,12.01075005,0.08339499682,73.23000336,4.826499939
2025-06-13,7.192800045,85.68840027,11.91307971,0.08394099772,74.23000336,4.802999973
2025-06-12,7.192800045,85.46980286,11.88268857,0.08415599912,69.36000061,4.821499825
2025-06-11,7.1802001,85.65280151,11.92902709,0.08382900059,69.76999664,4.801000118
2025-06-10,7.1802001,85.7559967,11.94339928,0.08372800052,66.87000275,4.883999825
2025-06-09,7.188600063,85.78530121,11.9335198,0.08379700035,67.04000092,4.909500122
2025-06-06,7.175000191,85.87750244,11.96898957,0.08354900032,66.47000122,4.829999924
2025-06-05,7.203700066,85.90419769,11.92501033,0.08422999829,65.33999634,4.913499832
2025-06-04,7.203700066,85.70880127,11.89788588,0.08418600261,64.86000061,4.864500046
2025-06-03,7.203700066,85.36370087,11.84997988,0.08418600261,65.62999725,4.809500217
2025-06-02,7.203700066,85.52429962,11.87227381,0.08418600261,64.62999725,4.834499836
2025-05-30,7.203700066,85.36129761,11.84964627,0.08438999951,63.90000153,4.652500153
2025-05-29,7.203700066,85.3859024,11.85306185,0.08436200023,64.15000153,4.65350008
2025-05-28,7.203700066,85.36049652,11.84953506,0.08439099789,64.90000153,4.644000053
2025-05-27,7.203700066,85.15820313,11.82145319,0.08459199965,64.08999634,4.710000038
2025-05-26,7.203700066,85.19930267,11.82715853,0.0845509991,64.43499756,4.758249998
2025-05-23,7.203700066,85.97489929,11.93482495,0.08378800005,64.77999878,4.806499958
2025-05-22,7.201900005,85.60030365,11.88579452,0.08413399756,64.44000244,4.648499966
2025-05-21,7.219399929,85.53610229,11.8480903,0.08440200239,64.91000366,4.638000011
2025-05-20,7.209000111,85.37210083,11.842433,0.08444199711,65.37999725,4.61950016
2025-05-19,7.209000111,85.50029755,11.86021587,0.08431500196,65.54000092,4.633500099
2025-05-16,7.206500053,85.44490051,11.85664329,0.08434099704,65.41000366,4.555500031
2025-05-15,7.205699921,85.48760223,11.86388598,0.08428899944,64.52999878,4.644499779
2025-05-14,7.205699921,85.06030273,11.80458577,0.08471299708,66.08999634,4.611000061
2025-05-13,7.20179987,84.96569824,11.79784218,0.08476100117,66.62999725,4.681499958
2025-05-12,7.236299992,85.40830231,11.80275865,0.08472599834,64.95999908,4.578499794
2025-05-09,7.225200176,86.0821991,11.91416113,0.08393300325,63.90999985,4.611000061
2025-05-08,7.225200176,84.81719971,11.73907956,0.08518499881,62.84000015,4.56099987
2025-05-07,7.216300011,84.79319763,11.75023177,0.08510400355,61.11999893,4.616499901
2025-05-06,7.269999981,84.22080231,11.58470461,0.08631999791,62.15000153,4.735000134
2025-05-05,7.270599842,84.52629852,11.62576684,0.08601599932,60.22999954,4.65500021
2025-05-02,7.270599842,84.69670105,11.64920404,0.08584199846,61.29000092,4.627500057
2025-05-01,7.270599842,84.53119659,11.62644052,0.08597999811,62.13000107,4.580999851
2025-04-30,7.269000053,85.17079926,11.71698977,0.08534599841,63.11999893,4.559999943
2025-04-29,7.294000149,85.16030121,11.67539066,0.085649997,64.25,4.822999954
2025-04-28,7.286399841,85.38490295,11.71839383,0.08533599973,65.86000061,4.837999821
2025-04-25,7.285999775,85.25730133,11.70152401,0.08545900136,66.87000275,4.835499763
2025-04-24,7.285999775,85.49990082,11.73482068,0.08521600068,66.55000305,4.849999905
2025-04-23,7.311800003,85.23239899,11.65682854,0.08578599989,66.12000275,4.835499763
2025-04-22,7.298999786,85.1588974,11.66720097,0.08562099934,67.44000244,4.870500088
2025-04-17,7.311900139,85.62049866,11.70974672,0.08539900184,67.95999908,4.731500149
2025-04-16,7.311900139,85.72669983,11.72427115,0.08529300243,65.84999847,4.673999786
2025-04-15,7.311900139,86.0447998,11.76777557,0.08474499732,64.66999817,4.611000061
2025-04-14,7.291600227,86.19300079,11.8208621,0.08458899707,64.87999725,4.610499859
2025-04-11,7.31400013,86.26039886,11.7938744,0.08478999883,64.76000214,4.507500172
2025-04-10,7.349999905,86.20929718,11.72915623,0.08525700122,63.33000183,4.321000099
2025-04-09,7.338799953,86.43530273,11.77785241,0.08490499854,65.48000336,4.175499916
2025-04-08,7.308100224,86.02700043,11.77145876,0.08495099843,62.81999969,4.127500057
2025-04-07,7.281300068,85.52929688,11.7464321,0.08513200283,64.20999908,4.169000149
2025-04-04,7.267499924,85.28289795,11.734833,0.08537799865,65.58000183,4.384500027
2025-04-03,7.267499924,85.65119934,11.78551087,0.08484999835,70.13999939,4.81099987
2025-04-02,7.26970005,85.61009979,11.77629052,0.08491600305,74.94999695,5.023499966
2025-04-01,7.256700039,85.4681015,11.77781926,0.08490499854,74.48999786,5.019000053
2025-03-31,7.262800217,85.5388031,11.77766158,0.08490599692,74.73999786,5.019999981
2025-03-28,7.263299942,85.69490051,11.79834252,0.08477000147,73.62999725,5.112500191
2025-03-27,7.256899834,86.09539795,11.86393638,0.08428899944,74.02999878,5.097499847
2025-03-26,7.256899834,85.5904007,11.79434781,0.08478300273,73.79000092,5.21600008
2025-03-25,7.252999783,85.53209686,11.79265124,0.08479800075,73.01999664,5.183000088
2025-03-24,7.24849987,85.98699951,11.86273036,0.08429399878,73,5.06400013
2025-03-21,7.247700214,86.33609772,11.91220596,0.08394700289,72.16000366,5.087500095
2025-03-20,7.230000019,86.33709717,11.94150718,0.08374100178,72,5.085000038
2025-03-19,7.227300167,86.57610321,11.97903798,0.08347900212,70.77999878,5.076000214
2025-03-18,7.232699871,86.91639709,12.01714417,0.08321399987,70.55999756,4.993000031
2025-03-17,7.237100124,86.93900299,12.0129612,0.08323600143,71.06999969,4.933499813
2025-03-14,7.237100124,86.92209625,12.01062508,0.08325900137,70.58000183,4.86950016
2025-03-13,7.237100124,87.34059906,12.0684525,0.08303199708,69.87999725,4.898499966
2025-03-12,7.25909996,87.20010376,12.0125228,0.08326400071,70.94999695,4.821000099
2025-03-11,7.25909996,87.35510254,12.03387514,0.08309900016,69.55999756,4.739999771
2025-03-10,7.234000206,87.07379913,12.03674269,0.08304399997,69.27999878,4.639500141
2025-03-07,7.250599861,87.12879944,12.01677118,0.08321700245,70.36000061,4.683000088
2025-03-06,7.250599861,86.88929749,11.98373916,0.08347900212,69.45999908,4.778999805
2025-03-05,7.265100002,87.21700287,12.00492806,0.08329900354,69.30000305,4.766499996
2025-03-04,7.28429985,87.32959747,11.98874281,0.08341100067,71.04000092,4.527500153
2025-03-03,7.282800198,87.46399689,12.00966586,0.08325900137,71.62000275,4.576499939
2025-02-28,7.285299778,87.32700348,11.98674127,0.08342500031,73.18000031,4.514500141
2025-02-27,7.257999897,87.16220093,12.00912127,0.08327099681,74.04000092,4.579999924
2025-02-26,7.247600079,87.08119965,12.01517726,0.08322499692,72.52999878,4.541999817
2025-02-25,7.247600079,86.69010162,11.96121484,0.08360300213,73.01999664,4.486000061
2025-02-24,7.25,86.52940369,11.93509016,0.08371900022,74.77999878,4.517000198
2025-02-21,7.25549984,86.45120239,11.91526488,0.0839079991,74.43000031,4.559999943
2025-02-20,7.283299923,86.87280273,11.92767065,0.08382900059,76.48000336,4.607999802
2025-02-19,7.278600216,86.8871994,11.93735015,0.08376999944,76.04000092,4.55700016
2025-02-18,7.252999783,86.85479736,11.97501723,0.0835070014,75.83999634,4.585000038
2025-02-17,7.252999783,86.43460083,11.91708306,0.08372300118,75.2899971,4.62074995
2025-02-14,7.288799763,86.75409698,11.90238445,0.08402899653,74.73999786,4.656499863
2025-02-13,7.30880022,86.87400055,11.88621907,0.08402699977,75.01999664,4.769000053
2025-02-12,7.307199955,86.811203,11.8802282,0.08417300135,75.18000031,4.697999954
2025-02-11,7.304500103,87.49009705,11.9775612,0.0834890008,77,4.594500065
2025-02-10,7.286799908,87.51309967,12.00981237,0.0831310004,75.87000275,4.700500011
2025-02-07,7.287799835,87.58830261,12.01848357,0.08320499957,74.66000366,4.581500053
2025-02-06,7.270500183,87.33409882,12.012117,0.0832490027,74.29000092,4.453499794
2025-02-05,7.181900024,87.13009644,12.13190049,0.08242700249,74.61000061,4.434500217
2025-02-04,7.195000172,86.94339752,12.08386316,0.0827549994,76.19999695,4.34250021
2025-02-03,7.185800076,86.55400085,12.04514458,0.08301399648,75.95999908,4.294000149
2025-01-31,7.180900097,86.64700317,12.06631509,0.08287599683,76.76000214,4.262000084
2025-01-30,7.169000149,86.64060211,12.08545129,0.08274299651,76.87000275,4.288000107
2025-01-29,7.250199795,86.58460236,11.94237467,0.08373499662,76.58000183,4.257500172
2025-01-28,7.250699997,86.46839905,11.92552431,0.08385399729,77.48999786,4.220499992
2025-01-27,7.243100166,86.20300293,11.90139594,0.08401600271,77.08000183,4.203499794
2025-01-24,7.286200047,86.44020081,11.86355031,0.08429200202,78.5,4.289999962
2025-01-23,7.27120018,86.47270203,11.89249366,0.08408600092,78.29000092,4.299499989
2025-01-22,7.27120018,86.45189667,11.88963232,0.08410699666,79,4.271500111
2025-01-21,7.313300133,86.21109772,11.78826195,0.084830001,79.29000092,4.31099987
2025-01-20,7.323999882,86.56900024,11.81990738,0.08459600061,80.04000092,4.324249983
2025-01-17,7.330999851,86.60610199,11.81368214,0.08464699984,80.79000092,4.337500095
2025-01-16,7.33010006,86.43099976,11.79124419,0.08480100334,81.29000092,4.41050005
2025-01-15,7.330900192,86.53540039,11.80419841,0.08471500129,82.02999878,4.359499931
2025-01-14,7.329800129,86.65059662,11.82168614,0.08459000289,79.91999817,4.310500145
2025-01-13,7.331699848,86.18800354,11.75552809,0.08505900204,81.01000214,4.295499802
2025-01-10,7.332099915,85.91999817,11.71833433,0.08533599973,79.76000214,4.274499893
2025-01-09,7.331500053,85.90750122,11.71758857,0.08534199744,76.91999817,4.279500008
2025-01-08,7.326399803,85.8065033,11.71196025,0.08538299799,76.16000366,4.227499962
2025-01-07,7.322299957,85.68070221,11.70133738,0.08545999974,77.05000305,4.16050005
2025-01-06,7.319600105,85.75900269,11.71635082,0.08534300327,76.30000305,4.126999855
2025-01-03,7.298600197,85.80400085,11.75622702,0.0850609988,76.51000214,4.039500237
2025-01-02,7.298099995,85.78569794,11.75452488,0.08488799632,75.93000031,3.988500118
2024-12-31,7.298099995,85.78659821,11.75464823,0.0850720033,74.63999939,3.986000061
2024-12-30,7.297800064,85.38600159,11.70023854,0.08546099812,74.38999939,4.045499802
2024-12-27,7.297299862,85.2609024,11.68389733,0.08513599634,74.16999817,4.0625
2024-12-26,7.297200203,85.41339874,11.70495483,0.08543399721,73.26000214,4.072000027
2024-12-25,7.29460001,85.1815033,11.6773371,0.08563599735,73.42000198,4.060750008
2024-12-24,7.296999931,85.09889984,11.66217632,0.08574700356,73.58000183,4.049499989
2024-12-23,7.295400143,84.94499969,11.64363819,0.08587600291,72.62999725,4.022999763
2024-12-20,7.295400143,85.27940369,11.68947584,0.08554700017,72.94000244,4.040999889
2024-12-19,7.285399914,85.16549683,11.68988633,0.08554299921,72.87999725,4.020500183
2024-12-18,7.284599781,84.91539764,11.65683774,0.08578500152,73.38999939,4.099999905
2024-12-17,7.282400131,84.91729736,11.66061955,0.08575800061,73.19000244,4.091499805
2024-12-16,7.275100231,84.80200195,11.65647197,0.08578199893,73.91000366,4.143499851
2024-12-13,7.26760006,84.83920288,11.6736202,0.08566299826,74.48999786,4.149000168
2024-12-12,7.261099815,84.85710144,11.68653559,0.08556699753,73.41000366,4.195000172
2024-12-11,7.248700142,84.87400055,11.70885799,0.08539199829,73.51999664,4.214000225
2024-12-10,7.259500027,84.84729767,11.6877605,0.08555900306,72.19000244,4.223499775
2024-12-09,7.269299984,84.66600037,11.64706375,0.08585099876,72.13999939,4.223499775
2024-12-06,7.259200096,84.68379974,11.66572055,0.08572100103,71.12000275,4.138500214
2024-12-05,7.263000011,84.70700073,11.66281159,0.08574300259,72.08999634,4.135000229
2024-12-04,7.283800125,84.68309784,11.62622483,0.08601099998,72.30999756,4.142000198
2024-12-03,7.270899773,84.73709869,11.65427957,0.08580599725,73.62000275,4.145999908
2024-12-02,7.240699768,84.55699921,11.67801482,0.08562300354,71.83000183,4.075500011
2024-11-29,7.242899895,84.47160339,11.66267719,0.08574499935,72.94000244,4.080500126
2024-11-28,7.246200085,84.42030334,11.65028599,0.0858379975,72.88500214,4.073750019
2024-11-27,7.251999855,84.3391037,11.62977184,0.08598600328,72.83000183,4.066999912
2024-11-26,7.239500046,84.37750244,11.65515601,0.08579900116,72.80999756,4.039000034
2024-11-25,7.242000103,84.43599701,11.65920958,0.08576899767,73.01000214,4.091499805
2024-11-22,7.233699799,84.48829651,11.67981792,0.08561799675,75.16999817,4.073999882
2024-11-21,7.243999958,84.38310242,11.64868897,0.08584599942,74.23000336,4.112999916
2024-11-20,7.238100052,84.39759827,11.66018674,0.08576200157,72.80999756,4.143499851
2024-11-19,7.2354002,84.39849854,11.66466211,0.08572799712,73.30999756,4.130000114
2024-11-18,7.230999947,84.47750092,11.68268587,0.08559700102,73.30000305,4.107999802
2024-11-15,7.229199886,84.47380066,11.685083,0.08557800204,71.04000092,4.051000118
2024-11-14,7.223499775,84.42299652,11.6872706,0.08556099981,72.55999756,4.072999954
2024-11-13,7.231599808,84.39530182,11.67035014,0.08568699658,72.27999878,4.065999985
2024-11-12,7.211100101,84.39649963,11.7036927,0.08543799818,71.88999939,4.11950016
2024-11-11,7.178199768,84.38289642,11.75543996,0.08506699651,71.83000183,4.210999966
2024-11-08,7.141200066,84.30639648,11.80563431,0.08471500129,73.87000275,4.286499977
2024-11-07,7.17689991,84.25119781,11.73921873,0.08518300205,75.62999725,4.409999847
2024-11-06,7.102200031,84.11630249,11.84369662,0.08443299681,74.91999817,4.222499847
2024-11-05,7.097799778,84.15249634,11.85613838,0.08434800059,75.52999878,4.450500011
2024-11-04,7.12169981,84.13359833,11.81369625,0.08464699984,75.08000183,4.407000065
2024-11-01,7.118500233,84.09149933,11.81309217,0.08466300368,73.09999847,4.347499847
2024-10-31,7.114799976,84.0891037,11.81889919,0.08461000025,73.16000366,4.313499928
2024-10-30,7.130099773,84.08930206,11.79356597,0.08480100334,72.55000305,4.327499866
2024-10-29,7.127500057,84.10279846,11.79976118,0.08474700153,71.12000275,4.332499981
2024-10-28,7.120100021,84.10199738,11.81191235,0.0846600011,71.41999817,4.331999779
2024-10-25,7.118700027,84.08180237,11.81139844,0.08466400206,76.05000305,4.33949995
2024-10-24,7.125299931,84.06759644,11.79846424,0.08475700021,74.37999725,4.319499969
2024-10-23,7.12169981,84.08399963,11.8067318,0.08467900008,74.95999908,4.304500103
2024-10-22,7.118000031,84.07350159,11.81139382,0.08466300368,76.04000092,4.34800005
2024-10-21,7.100800037,84.0687027,11.83932828,0.08446399868,74.29000092,4.322999954
2024-10-18,7.123000145,84.05380249,11.80033705,0.08474799991,73.05999756,4.346000195
2024-10-17,7.118400097,84.03929901,11.80592519,0.0847029984,74.44999695,4.286499977
2024-10-16,7.117800236,84.05619812,11.80929435,0.08467900008,74.22000122,4.331500053
2024-10-15,7.087200165,84.04850006,11.85919659,0.08432199806,74.25,4.300499916
2024-10-14,7.065199852,84.16829681,11.91308082,0.08394099772,77.45999908,4.363500118
2024-10-11,7.08010006,83.94599915,11.85661197,0.08433999866,79.04000092,4.451499939
2024-10-10,7.08010006,83.94219971,11.85607534,0.084344998,79.40000153,4.385000229
2024-10-09,7.057799816,83.91459656,11.88962548,0.08410699666,76.58000183,4.355000019
2024-10-08,7.019100189,83.9641037,11.96223183,0.08359500021,77.18000031,4.412000179
2024-10-07,7.017499924,84.02780151,11.97403668,0.0835139975,80.93000031,4.519000053
2024-10-04,7.045100212,84.00939941,11.92451447,0.08386100084,78.05000305,4.522500038
2024-10-03,7.037700176,83.91960144,11.92429335,0.08386199921,77.62000275,4.501999855
2024-10-02,7.030399799,83.87210083,11.9299191,0.08382300287,73.90000153,4.596000195
2024-10-01,7.017499924,83.82730103,11.94546519,0.08371400088,73.55999756,4.53550005
2024-09-30,7.010300159,83.71640015,11.94191379,0.0837379992,71.76999664,4.495999813
2024-09-27,7.008999825,83.61710358,11.92996229,0.08382699639,71.98000336,4.540999889
2024-09-26,7.032299995,83.62409973,11.89142952,0.08409500122,71.59999847,4.580999851
2024-09-25,7.030200005,83.56759644,11.88694438,0.08412600309,73.45999908,4.427999973
2024-09-24,7.051300049,83.55960083,11.85024042,0.08438599855,75.16999817,4.429500103
2024-09-23,7.050899982,83.48709869,11.84063012,0.08445499837,73.90000153,4.289000034
2024-09-20,7.066999912,83.61470032,11.83171096,0.08451899886,74.48999786,4.281499863
2024-09-19,7.080999851,83.6917038,11.81919299,0.0846080035,74.87999725,4.285999775
2024-09-18,7.09250021,83.77059937,11.81115219,0.08466500044,73.65000153,4.237999916
2024-09-17,7.09250021,83.88400269,11.82714138,0.0845509991,73.69999695,4.213500023
2024-09-16,7.092700005,83.88480377,11.82692116,0.08455300331,72.75,4.212999821
2024-09-13,7.116600037,83.93479919,11.79422741,0.08478800207,71.61000061,4.175000191
2024-09-12,7.119699955,83.99259949,11.79721056,0.08476299793,71.97000122,4.132999897
2024-09-11,7.120800018,83.98200226,11.79389985,0.08479200304,70.61000061,4.083000183
2024-09-10,7.113599777,83.98090363,11.80568295,0.08470500261,69.19000244,4.040500164
2024-09-09,7.087900162,83.98259735,11.84872747,0.08439700305,71.83999634,4.084499836
2024-09-06,7.091300011,83.9835968,11.84318766,0.08443599939,71.05999756,4.014500141
2024-09-05,7.111899853,83.98249817,11.80872902,0.08468300104,72.69000244,4.077499866
2024-09-04,7.120399952,83.95030212,11.79011048,0.08481699973,72.69999695,4.019499779
2024-09-03,7.116600037,83.9272995,11.79317358,0.08479499817,73.75,4.032000065
2024-09-02,7.092100143,83.86380005,11.82495993,0.08456700295,76.27500153,4.088500023
2024-08-30,7.095499992,83.89510345,11.82370566,0.08457600325,78.80000305,4.144999981
2024-08-29,7.124300003,83.9414978,11.78242042,0.08487199992,79.94000244,4.147500038
2024-08-28,7.123099804,83.92160034,11.78161231,0.08487699926,78.65000153,4.144999981
2024-08-27,7.118100166,83.88369751,11.78456267,0.08485800028,79.55000305,4.230500221
2024-08-26,7.124000072,83.813797,11.76499104,0.08499799669,81.43000031,4.211500168
2024-08-23,7.14440012,83.94059753,11.74914564,0.08511400223,79.01999664,4.194499969
2024-08-22,7.131800175,83.88860321,11.76261269,0.08501199633,77.22000122,4.140999794
2024-08-21,7.131999969,83.77940369,11.74697196,0.08512800187,76.05000305,4.181499958
2024-08-20,7.140500069,83.87860107,11.74688051,0.08512900025,77.19999695,4.149499893
2024-08-19,7.164000034,83.88980103,11.70991075,0.08539699763,77.66000366,4.166500092
2024-08-16,7.173399925,83.94830322,11.70272174,0.08545000106,79.68000031,4.127500057
2024-08-15,7.137300014,83.97149658,11.76516279,0.08499599993,81.04000092,4.138999939
2024-08-14,7.152900219,83.88200378,11.72699202,0.08527299762,79.76000214,4.025000095
2024-08-13,7.173999786,83.88999939,11.6936161,0.08550199866,80.69000244,4.035999775
2024-08-12,7.16629982,83.94979858,11.71452503,0.08536399901,82.30000305,4.054999828
2024-08-09,7.173699856,83.98899841,11.70790528,0.08541499823,79.66000366,3.980000019
2024-08-08,7.180300236,83.94239807,11.69065294,0.08553799987,79.16000366,3.944999933
2024-08-07,7.156300068,83.93489838,11.72881204,0.08525999635,78.33000183,3.9375
2024-08-06,7.120200157,84.00260162,11.79778655,0.0847639963,76.48000336,4.011499882
2024-08-05,7.15719986,83.73529816,11.69944948,0.08547399938,76.30000305,3.983999968
2024-08-02,7.242800236,83.74389648,11.56236452,0.08648700267,76.80999756,4.084000111
2024-08-01,7.217199802,83.71779633,11.59976149,0.08620800078,79.51999664,4.066500187
2024-07-31,7.250699997,83.73899841,11.5490916,0.08658699691,80.72000122,4.159999847
2024-07-30,7.258299828,83.75050354,11.53858418,0.08666999638,78.62999725,4.063000202
2024-07-29,7.250100136,83.72779846,11.54850235,0.08659099787,79.77999878,4.061999798
2024-07-26,7.230100155,83.73760223,11.58180391,0.08634299785,81.12999725,4.104499817
2024-07-25,7.261199951,83.74299622,11.53294177,0.08670900017,82.37000275,4.112500191
2024-07-24,7.274300098,83.70680237,11.50719674,0.08690200001,81.70999908,4.098999977
2024-07-23,7.272699833,83.6713028,11.50484754,0.08692000061,81.01000214,4.145999908
2024-07-22,7.269000053,83.7303009,11.51881968,0.0868140012,82.40000153,4.180500031
2024-07-19,7.258900166,83.67430115,11.52713211,0.08673600107,82.62999725,4.218999863
2024-07-18,7.259399891,83.57209778,11.51225983,0.08686400205,85.11000061,4.265999794
2024-07-17,7.26060009,83.52960205,11.5045039,0.08544400334,85.08000183,4.399000168
2024-07-16,7.258900166,83.58760071,11.51518809,0.08684200048,83.73000336,4.443999767
2024-07-15,7.249400139,83.52030182,11.52099487,0.08679799736,84.84999847,4.528999805
2024-07-12,7.254799843,83.51850128,11.51217168,0.08686400205,85.02999878,4.598499775
2024-07-11,7.274499893,83.49590302,11.4778891,0.08712399751,85.40000153,4.508500099
2024-07-10,7.271699905,83.49299622,11.48190895,0.08709300309,85.08000183,4.607500076
2024-07-09,7.267099857,83.45760345,11.48430668,0.08707500249,84.66000366,4.578000069
2024-07-08,7.267799854,83.4720993,11.4851951,0.08706799895,85.75,4.622000217
2024-07-05,7.265799999,83.49340057,11.49128803,0.08702299744,86.54000092,4.658500195
2024-07-04,7.268599987,83.49120331,11.4865591,0.08705800027,86.93999863,4.599750042
2024-07-03,7.26940012,83.47910309,11.48363025,0.08708299696,87.33999634,4.540999889
2024-07-02,7.266900063,83.44129944,11.48237883,0.08709199727,86.23999786,4.429500103
2024-07-01,7.265799999,83.36750031,11.47396024,0.087154001,86.59999847,4.426499844
2024-06-28,7.267199993,83.45089722,11.48322563,0.08708299696,86.41000366,4.390500069
2024-06-27,7.263500214,83.58039856,11.50690385,0.08690399677,86.38999939,4.328499794
2024-06-26,7.261400223,83.41459656,11.4873983,0.08705200255,85.25,4.367499828
2024-06-25,7.257699966,83.46040344,11.49956651,0.08696000278,85.01000214,4.381000042
2024-06-24,7.259200096,83.5625,11.51125453,0.08687099814,86.01000214,4.52699995
2024-06-21,7.25909996,83.60160065,11.51679976,0.08682899922,85.23999786,4.493999958
2024-06-20,7.256299973,83.41950226,11.49614853,0.08698499948,85.70999908,4.618000031
2024-06-19,7.252699852,83.37409973,11.49559494,0.08696199954,85.52000046,4.589999914
2024-06-18,7.255000114,83.51010132,11.51069607,0.08688800037,85.33000183,4.561999798
2024-06-17,7.254300117,83.55180359,11.51755541,0.08498200029,84.25,4.521500111
2024-06-14,7.251599789,83.52210236,11.51774847,0.0867960006,82.62000275,4.551000118
2024-06-13,7.238100052,83.53430176,11.54091559,0.08672299981,82.75,4.507500172
2024-06-12,7.24669981,83.59680176,11.53584445,0.08494199812,82.59999847,4.581500053
2024-06-11,7.246799946,83.52980042,11.5264394,0.08492299914,81.91999817,4.522999763
2024-06-10,7.246799946,83.52760315,11.52613619,0.08496700227,81.62999725,4.556499958
2024-06-07,7.244100094,83.47309875,11.52290798,0.08503399789,79.62000275,4.49450016
2024-06-06,7.24669981,83.38079834,11.5060373,0.08518700302,79.87000275,4.690999985
2024-06-05,7.242000103,83.62940216,11.54783222,0.08475500345,78.41000366,4.61950016
2024-06-04,7.242000103,83.09339905,11.47381909,0.08530700207,77.51999664,4.547999859
2024-06-03,7.241000175,83.45079803,11.52476122,0.08468200266,78.36000061,4.677000046
2024-05-31,7.233500004,83.32089996,11.51875301,0.08505299687,81.62000275,4.610000134
2024-05-30,7.249400139,83.36560059,11.499655,0.08515000343,81.86000061,4.671999931
2024-05-29,7.244999886,83.20649719,11.48467888,0.08540099859,83.59999847,4.805500031
2024-05-28,7.241499901,83.14569855,11.48183383,0.08537500352,84.22000122,4.875500202
2024-05-27,7.241499901,83.05220032,11.46892239,0.08496999741,83.17000198,4.827000141
2024-05-24,7.241499901,83.28639984,11.50126369,0.08525499701,82.12000275,4.77850008
2024-05-23,7.240300179,83.26709747,11.50050349,0.08511699736,81.36000061,4.816500187
2024-05-22,7.23759985,83.31680298,11.51166197,0.08504799753,81.90000153,4.867499828
2024-05-21,7.231699944,83.31500244,11.52080466,0.0850360021,82.87999725,5.118999958
2024-05-20,7.222700119,83.30039978,11.53313836,0.08456999809,83.70999908,5.087500095
2024-05-17,7.217000008,83.4701004,11.56576144,0.08478199691,83.98000336,5.05700016
2024-05-16,7.217700005,83.40509796,11.55563378,0.08466199785,83.26999664,4.892000198
2024-05-15,7.232299805,83.52420044,11.54877462,0.08482199907,82.75,4.969500065
2024-05-14,7.232299805,83.50550079,11.54618905,0.08482600003,82.37999725,4.953499794
2024-05-13,7.225800037,83.52480316,11.55924641,0.08433800191,83.36000061,4.804500103
2024-05-10,7.218699932,83.45939636,11.56155501,0.0846780017,82.79000092,4.693500042
2024-05-09,7.223800182,83.46430206,11.55407126,0.08477000147,83.87999725,4.607500076
2024-05-08,7.218400002,83.46990204,11.5634908,0.08503700048,83.58000183,4.561999798
2024-05-07,7.208000183,83.47280121,11.58057701,0.08471900225,83.16000366,4.625500202
2024-05-06,7.236199856,83.37999725,11.52262222,0.08405900002,83.33000183,4.634500027
2024-05-03,7.238399982,83.40630341,11.52275415,0.08461900055,82.95999908,4.573500156
2024-05-02,7.239900112,83.40640259,11.52038029,0.08387699723,83.66999817,4.493999958
2024-05-01,7.240699768,83.49839783,11.53181329,0.08485899866,83.44000244,4.552499771
2024-04-30,7.237699986,83.45110321,11.53005836,0.08481500298,87.86000061,4.564499855
2024-04-29,7.244599819,83.40229797,11.51234023,0.08452299982,88.40000153,4.65899992
2024-04-26,7.238599777,83.30180359,11.50799963,0.08497700095,89.5,4.568999767
2024-04-25,7.24420023,83.34059906,11.50445824,0.08524800092,89.01000214,4.570499897
2024-04-24,7.24450016,83.28330231,11.49607295,0.0851129964,88.01999664,4.467000008
2024-04-23,7.242499828,83.38619995,11.51345556,0.08503799886,88.41999817,4.490499973
2024-04-22,7.23939991,83.38529968,11.51826128,0.08448000252,87,4.500500202
2024-04-19,7.236700058,83.54499817,11.54462635,0.08482799679,87.29000092,4.501999855
2024-04-18,7.237400055,83.59580231,11.55052943,0.08470600098,87.11000061,4.440499783
2024-04-17,7.236199856,83.66750336,11.56235386,0.08483300358,87.29000092,4.34250021
2024-04-16,7.236999989,83.5059967,11.53875872,0.08489400148,90.01999664,4.305500031
2024-04-15,7.235599995,83.61109924,11.55551707,0.08465299755,90.09999847,4.379000187
2024-04-12,7.235899925,83.34929657,11.51885701,0.0850609988,90.44999695,4.257500172
2024-04-11,7.231500149,83.41269684,11.53463253,0.08509299904,89.73999786,4.251999855
2024-04-10,7.230700016,83.22429657,11.50985332,0.08508399874,90.48000336,4.282000065
2024-04-09,7.229700089,83.26959991,11.51771151,0.08504100144,89.41999817,4.285999775
2024-04-08,7.231400013,83.29679871,11.51876518,0.08452299982,90.37999725,4.27699995
2024-04-05,7.23390007,83.47779846,11.53980531,0.08491499722,91.16999817,4.239500046
2024-04-04,7.234399796,83.37329865,11.52456334,0.08477000147,90.65000153,4.246500015
2024-04-03,7.23239994,83.35030365,11.52457059,0.0850450024,89.34999847,4.19299984
2024-04-02,7.229700089,83.40969849,11.53708971,0.08516500145,88.91999817,4.070000172
2024-04-01,7.220300198,83.3647995,11.54589106,0.08464100212,87.41999817,4.046000004
2024-03-29,7.226500034,83.39299774,11.53988755,0.08499900252,87.45000076,4.024749994
2024-03-28,7.225800037,83.36499786,11.53713048,0.08526399732,87.48000336,4.003499985
2024-03-27,7.217700005,83.34549713,11.54737618,0.08534900099,86.08999634,3.992500067
2024-03-26,7.208399773,83.41739655,11.57224893,0.08527100086,86.25,3.996000051
2024-03-25,7.228099823,83.59359741,11.56508619,0.08521799743,86.75,4.006999969
2024-03-22,7.198200226,83.22660065,11.56214026,0.08523699641,85.43000031,3.996000051
2024-03-21,7.197599888,83.05460358,11.53920819,0.08537500352,85.77999878,4.046500206
2024-03-20,7.197999954,83.04239655,11.53687095,0.08541700244,85.94999695,4.038499832
2024-03-19,7.197199821,82.86360168,11.51331125,0.08551800251,87.37999725,4.058499813
2024-03-18,7.195000172,82.88890076,11.52034729,0.08505800366,86.88999939,4.114500046
2024-03-15,7.192200184,82.96559906,11.53549636,0.0855159983,85.33999634,4.112500191
2024-03-14,7.186600208,82.83110046,11.52576991,0.08549000323,85.41999817,4.037000179
2024-03-13,7.181000233,82.83509827,11.5353148,0.08538399637,84.02999878,4.052499771
2024-03-12,7.18380022,82.77829742,11.52291195,0.08532299846,81.91999817,3.924999952
2024-03-11,7.185200214,82.75209808,11.51702049,0.08523000032,82.20999908,3.922499895
2024-03-08,7.192299843,82.75229645,11.50567944,0.08554500341,82.08000183,3.88499999
2024-03-07,7.195899963,82.81909943,11.50920661,0.08553700149,82.95999908,3.919500113
2024-03-06,7.196000099,82.88480377,11.51817713,0.08558499813,82.95999908,3.870500088
2024-03-05,7.198900223,82.91049957,11.51710636,0.08560500294,82.04000092,3.844000101
2024-03-04,7.195799828,82.84609985,11.51311902,0.08516500145,82.80000305,3.851999998
2024-03-01,7.187200069,82.91040039,11.53584144,0.08558300138,83.55000305,3.855000019
2024-02-29,7.196000099,82.91190338,11.52194306,0.08563199639,83.62000275,3.834500074
2024-02-28,7.197400093,82.94819641,11.5247444,0.0856700018,83.68000031,3.827500105
2024-02-27,7.19630003,82.85199738,11.51313828,0.08572799712,83.65000153,3.83100009
2024-02-26,7.194399834,82.88179779,11.52032132,0.08496700227,82.52999878,3.823999882
2024-02-23,7.19329977,82.87229919,11.52076263,0.08559399843,81.62000275,3.881999969
2024-02-22,7.188099861,82.93840027,11.53829272,0.08554399759,83.66999817,3.897500038
2024-02-21,7.189700127,82.82910156,11.52052243,0.08579900116,83.02999878,3.874500036
2024-02-20,7.197199821,83.02100372,11.53518115,0.08554600179,82.33999634,3.866499901
2024-02-19,7.118599892,83.01599884,11.66184364,0.08520399779,82.90499878,3.85224998
2024-02-16,7.163899899,83.00959778,11.58720794,0.08563300222,83.47000122,3.838000059
2024-02-15,7.175899982,83.04309845,11.57249943,0.08560500294,82.86000061,3.756500006
2024-02-14,7.188700199,83.07460022,11.55627553,0.08570799977,81.59999847,3.700500011
2024-02-13,7.192200184,82.99019623,11.53891634,0.08556299657,82.76999664,3.713999987
2024-02-12,7.178999901,83.01450348,11.56351924,0.08522699773,82,3.728499889
2024-02-09,7.106999874,82.98529816,11.67655827,0.08564499766,82.19000244,3.686000109
2024-02-08,7.101099968,83.01260376,11.69010493,0.08552800119,81.62999725,3.705499887
2024-02-07,7.10010004,83.07060242,11.69991999,0.08549500257,79.20999908,3.737499952
2024-02-06,7.108500004,83.10369873,11.69075033,0.08519399911,78.58999634,3.782500029
2024-02-05,7.11259985,82.9992981,11.66933327,0.08578299731,77.98999786,3.772000074
2024-02-02,7.088500023,82.92759705,11.69889212,0.08545199782,77.33000183,3.821500063
2024-02-01,7.100699902,83.0535965,11.69653663,0.08536399901,78.69999695,3.852499962
2024-01-31,7.094099998,83.10970306,11.71532726,0.08535200357,81.70999908,3.902499914
2024-01-30,7.084499836,83.15309906,11.73732811,0.08524599671,82.87000275,3.906500101
2024-01-29,7.086599827,83.12129974,11.72936271,0.08490400016,82.40000153,3.872999907
2024-01-26,7.081099987,83.14610291,11.74197555,0.08522599936,83.55000305,3.850500107
2024-01-25,7.081999779,83.09760284,11.73363533,0.08522000164,82.43000031,3.865499973
2024-01-24,7.077600002,83.2213974,11.75842056,0.08505800366,80.04000092,3.882499933
2024-01-23,7.192699909,83.0951004,11.55269947,0.08542499691,79.55000305,3.790499926
2024-01-22,7.10710001,83.12470245,11.69600855,0.08508600295,80.05999756,3.763999939
2024-01-19,7.114999771,83.16059875,11.68806766,0.08556599915,78.55999756,3.786999941
2024-01-18,7.114500046,83.17759705,11.69127788,0.08548100293,79.09999847,3.744999886
2024-01-17,7.116499901,83.08899689,11.67554248,0.08563899994,77.87999725,3.732500076
2024-01-16,7.097000122,82.85939789,11.67527074,0.08563999832,78.29000092,3.766499996
2024-01-15,7.100599766,82.87210083,11.67114097,0.08521799743,78.29000092,3.753250003
2024-01-12,7.103099823,83.07610321,11.6957533,0.08551300317,78.29000092,3.74000001
2024-01-11,7.170400143,83.02559662,11.57893492,0.08571899682,77.41000366,3.776499987
2024-01-10,7.10160017,83.13110352,11.70596788,0.08543100208,76.80000305,3.780999899
2024-01-09,7.090000153,83.05069733,11.71377934,0.08538299799,77.58999634,3.748500109
2024-01-08,7.09250021,83.19110107,11.7294464,0.08484899998,76.12000275,3.799499989
2024-01-05,7.110000134,83.24060059,11.70753854,0.08543200046,78.76000214,3.794500113
2024-01-04,7.098899841,83.31809998,11.73676229,0.08518700302,77.58999634,3.83100009
2024-01-03,7.089600086,83.25700378,11.74354022,0.08512099832,78.25,3.847500086
2024-01-02,7.068600178,83.20259857,11.77073204,0.08451300114,75.88999939,3.868999958
2024-01-01,7.068600178,83.24859619,11.77723935,0.08451300114,76.46500015,3.874750018
2023-12-29,7.106999874,82.30200195,11.58041416,0.08443599939,77.04000092,3.880500078
2023-12-28,7.140200138,83.26719666,11.66174548,0.08496599644,78.38999939,3.913000107
2023-12-27,7.142399788,83.18280029,11.64633775,0.08517300338,79.65000153,3.943500042
2023-12-26,7.135499954,83.17230225,11.6561282,0.08517300338,81.06999969,3.895499945
2023-12-25,7.083300114,83.16500092,11.74099637,0.08460500091,80.06999969,3.895499945
2023-12-22,7.138500214,83.13159943,11.64552734,0.0850519985,79.06999969,3.895499945
2023-12-21,7.13409996,83.26719666,11.67171712,0.08515899628,79.38999939,3.908499956
2023-12-20,7.067599773,83.09159851,11.75669268,0.08507800102,79.69999695,3.901499987
2023-12-19,7.131999969,83.11119843,11.65328082,0.08517300338,79.23000336,3.895999908
2023-12-18,7.070499897,83.04170227,11.74481345,0.08410199732,77.94999695,3.84800005
2023-12-15,7.066999912,83.29660034,11.78669894,0.08482199907,76.55000305,3.88499999
2023-12-14,7.171700001,83.28530121,11.61304868,0.0847119987,76.61000061,3.888499975
2023-12-13,7.176000118,83.39600372,11.62151649,0.08525600284,74.26000214,3.786000013
2023-12-12,7.174200058,83.34349823,11.61711376,0.08533400297,73.23999786,3.786000013
2023-12-11,7.126599789,83.43009949,11.70685909,0.08483199775,76.02999878,3.779999971
2023-12-08,7.148799896,83.35489655,11.65998458,0.08526200056,75.83999634,3.819999933
2023-12-07,7.144599915,83.28959656,11.65769918,0.0852850005,74.05000305,3.784499884
2023-12-06,7.145599842,83.31590271,11.65974929,0.08515399694,74.30000305,3.716500044
2023-12-05,7.135200024,83.417099,11.69092649,0.08484099805,77.19999695,3.772500038
2023-12-04,7.061800003,83.21859741,11.78433223,0.08462200314,78.02999878,3.820499897
2023-12-01,7.075399876,83.35269928,11.78063442,0.08498100191,78.87999725,3.90899992
2023-11-30,7.07889986,83.33029938,11.77164546,0.08495999873,82.83000183,3.828999996
2023-11-29,7.063799858,83.41809845,11.80923867,0.08479200304,83.09999847,3.786000013
2023-11-28,7.130300045,83.36450195,11.691584,0.08503899723,81.68000031,3.801000118
2023-11-27,7.08190012,83.3144989,11.76442727,0.08440399915,79.98000336,3.762500048
2023-11-24,7.085800171,83.34400177,11.76211575,0.08510000259,80.58000183,3.796499968
2023-11-23,7.154200077,83.5483017,11.6782171,0.08504900336,81.37000275,3.779000044
2023-11-22,7.086900234,83.34570313,11.76053004,0.08520700037,81.95999908,3.766499996
2023-11-21,7.167500019,83.32219696,11.62500129,0.08531399816,82.44999695,3.814500093
2023-11-20,7.209700108,83.29149628,11.55269915,0.08550000191,82.31999969,3.8125
2023-11-17,7.241000175,83.12030029,11.47911867,0.0860010013,80.61000061,3.737499952
2023-11-16,7.245800018,83.186203,11.48060984,0.08620999753,77.41999817,3.70449996
2023-11-15,7.252099991,82.9815979,11.4424233,0.0862049982,81.18000031,3.717499971
2023-11-14,7.289000034,83.19760132,11.41413101,0.08610799909,82.47000122,3.682499886
2023-11-13,7.181799889,83.29889679,11.59861011,0.08574700356,82.51999664,3.662499905
2023-11-10,7.282299995,83.31939697,11.4413574,0.08627600223,81.43000031,3.583499908
2023-11-09,7.279300213,83.21769714,11.43210126,0.08621100336,80.01000214,3.63499999
2023-11-08,7.278100014,83.23269653,11.43604737,0.08612100035,79.54000092,3.628000021
2023-11-07,7.268599987,83.22280121,11.44963285,0.08620200306,81.61000061,3.670000076
2023-11-06,7.298500061,83.15850067,11.39391655,0.08564099669,85.18000031,3.709500074
2023-11-03,7.314099789,83.24729919,11.38175601,0.08611100167,84.88999939,3.674499989
2023-11-02,7.315899849,85.19400024,11.64504736,0.08619000018,86.84999847,3.667000055
2023-11-01,7.315499783,83.27719879,11.38366499,0.08622100204,84.62999725,3.644999981
2023-10-31,7.312099934,83.29650116,11.39159775,0.08606500179,87.41000366,3.641499996
2023-10-30,7.158699989,83.41339874,11.65203164,0.08550199866,87.44999695,3.649499893
2023-10-27,7.314899921,83.28250122,11.3853234,0.08587499708,90.48000336,3.634000063
2023-10-26,7.315700054,83.17099762,11.36883648,0.08596999943,87.93000031,3.568500042
2023-10-25,7.309000015,82.9878006,11.35419352,0.08615099639,90.12999725,3.572000027
2023-10-24,7.314099789,83.02940369,11.35196485,0.08610600233,88.06999969,3.609999895
2023-10-23,7.315400124,83.15979767,11.36777159,0.08585300297,89.83000183,3.572999954
2023-10-20,7.311200142,83.12229919,11.36917299,0.08662799746,92.16000366,3.542000055
2023-10-19,7.313499928,83.26860046,11.38560215,0.08630800247,92.37999725,3.591500044
2023-10-18,7.311699867,83.26429749,11.38781665,0.08620300144,91.5,3.582000017
2023-10-17,7.309299946,83.19950104,11.38269077,0.08617900312,89.90000153,3.575500011
2023-10-16,7.16809988,83.28230286,11.61846295,0.08575399965,89.65000153,3.586999893
2023-10-13,7.301499844,83.26239777,11.40346498,0.08610399812,90.88999939,3.579999924
2023-10-12,7.298699856,83.21800232,11.40175702,0.0862409994,86,3.594000101
2023-10-11,7.295000076,83.25029755,11.41196665,0.08591099828,85.81999969,3.614000082
2023-10-10,7.290400028,83.27030182,11.42191121,0.08587799966,87.65000153,3.631999969
2023-10-09,7.300499916,83.12460327,11.38615221,0.08573800325,88.15000153,3.642499924
2023-10-06,7.197700024,83.22489929,11.5627074,0.0860799998,84.58000183,3.624500036
2023-10-05,7.200300217,83.44979858,11.58976655,0.08629599959,84.06999969,3.546999931
2023-10-04,7.194300175,83.22979736,11.56885247,0.08634199947,85.80999756,3.584000111
2023-10-03,7.179900169,83.35939789,11.61010542,0.08645900339,90.91999817,3.615499973
2023-10-02,7.163599968,83.03479767,11.59121085,0.08581700176,90.70999908,3.631999969
2023-09-29,7.299900055,83.19300079,11.39645751,0.08610899746,95.30999756,3.726000071
2023-09-28,7.308100224,83.22270203,11.38773409,0.08633799851,95.37999725,3.694499969
2023-09-27,7.31069994,83.29869843,11.39407979,0.08612900227,96.55000305,3.627000093
2023-09-26,7.309899807,83.02829742,11.3583359,0.08654800057,93.95999908,3.625
2023-09-25,7.297500134,82.97480011,11.37030471,0.08578000218,93.29000092,3.649499893
2023-09-22,7.306499958,82.89129639,11.34487058,0.08661600202,93.26999664,3.665499926
2023-09-21,7.285999775,83.08699799,11.40365091,0.0864629969,93.30000305,3.666500092
2023-09-20,7.295599937,83.19499969,11.40344871,0.08633500338,93.52999878,3.746500015
2023-09-19,7.290599823,83.25489807,11.41948538,0.08619499952,94.33999634,3.713999987
2023-09-18,7.273900032,83.08580017,11.4224556,0.08596500009,94.43000031,3.741499901
2023-09-15,7.275899887,83.02829742,11.41141284,0.08647900075,93.93000031,3.763499975
2023-09-14,7.268799782,82.9367981,11.40997147,0.08631499857,93.69999695,3.782500029
2023-09-13,7.29090023,82.84300232,11.36252036,0.08808399737,91.87999725,3.756000042
2023-09-12,7.288000107,82.94329834,11.38080367,0.0865899995,92.05999756,3.752000093
2023-09-11,7.23239994,83.03130341,11.48046348,0.08656200022,90.63999939,3.769999981
2023-09-08,7.327799797,83.24150085,11.35968547,0.086778,90.65000153,3.680500031
2023-09-07,7.315899849,83.25740051,11.38033629,0.08644299954,89.91999817,3.726000071
2023-09-06,7.30340004,83.08609772,11.37635858,0.08637300134,90.59999847,3.748500109
2023-09-05,7.271900177,82.73459625,11.37730088,0.08636300266,90.04000092,3.811000109
2023-09-04,7.140100002,82.6969986,11.58205047,0.08641599864,89.29500198,3.811750054
2023-09-01,7.256899834,82.68240356,11.39362613,0.08643300086,88.55000305,3.8125
2023-08-31,7.283599854,82.70040131,11.35433068,0.08668299764,86.86000061,3.772500038
2023-08-30,7.279399872,82.49469757,11.33262343,0.08673900366,85.86000061,3.785000086
2023-08-29,7.28910017,82.6914978,11.34454128,0.08696199954,85.48999786,3.792999983
2023-08-28,7.289000034,82.66429901,11.34096565,0.08639899641,84.41999817,3.753999949
2023-08-25,7.276500225,82.6414032,11.35730099,0.08677300066,84.48000336,3.75999999
2023-08-24,7.170499802,82.54470062,11.5117081,0.08690799773,83.36000061,3.767499924
2023-08-23,7.292399883,83.07330322,11.39176465,0.08659599721,83.20999908,3.803499937
2023-08-22,7.197999954,83.1135025,11.54674952,0.0864539966,84.02999878,3.750499964
2023-08-21,7.280700207,83.16729736,11.42298062,0.08619199693,84.45999908,3.711999893
2023-08-18,7.280399799,83.09829712,11.41397443,0.08680599928,84.80000305,3.698999882
2023-08-17,7.296999931,83.23699951,11.40701662,0.08680599928,84.12000275,3.685499907
2023-08-16,7.281499863,83.19419861,11.42542061,0.08713500202,83.44999695,3.651499987
2023-08-15,7.2572999,83.23339844,11.46892089,0.08664300293,84.88999939,3.661499977
2023-08-14,7.192299843,82.89730072,11.52584049,0.08631499857,86.20999908,3.724499941
2023-08-11,7.214700222,82.79989624,11.47655394,0.08670499921,86.80999756,3.71449995
2023-08-10,7.208600044,82.86630249,11.4954779,0.08655299991,86.40000153,3.750999928
2023-08-09,7.21570015,82.84500122,11.48121451,0.0866419971,87.55000305,3.767499924
2023-08-08,7.192299843,82.74829865,11.5051236,0.08634900302,86.16999817,3.747999907
2023-08-07,7.131199837,82.69529724,11.59626699,0.08576399833,85.33999634,3.812999964
2023-08-04,7.162799835,82.78430176,11.55753388,0.08606400341,86.23999786,3.845000029
2023-08-03,7.190400124,82.73329926,11.50607725,0.08641699702,85.13999939,3.875999928
2023-08-02,7.176499844,82.30729675,11.46900279,0.08654399961,83.19999695,3.827500105
2023-08-01,7.095699787,82.23329926,11.58917397,0.08632799983,84.91000366,3.89350009
2023-07-31,7.102799892,82.25279999,11.58033469,0.08580999821,85.55999756,3.994499922
2023-07-28,7.173099995,82.37490082,11.48386345,0.08721400052,84.98999786,3.917000055
2023-07-27,7.150000095,81.97550201,11.46510502,0.08714400232,84.23999786,3.863500118
2023-07-26,7.135399818,81.95010376,11.48500516,0.08707199991,82.91999817,3.890500069
2023-07-25,7.185299873,81.81420135,11.38633081,0.08772899956,83.63999939,3.90199995
2023-07-24,7.177899837,81.99030304,11.42260339,0.0875570029,82.73999786,3.840500116
2023-07-21,7.176499844,82.08239746,11.4376645,0.08733399957,81.06999969,3.802999973
2023-07-20,7.225900173,82.06169891,11.35660567,0.08796600252,79.63999939,3.817500114
2023-07-19,7.179299831,82.07540131,11.43222922,0.08738599718,79.45999908,3.799499989
2023-07-18,7.170599937,82.06159973,11.44417489,0.08730199933,79.62999725,3.815999985
2023-07-17,7.140299797,82.07679749,11.49486714,0.08619000018,78.5,3.832000017
2023-07-14,7.150000095,82.03079987,11.47283899,0.08704899997,79.87000275,3.921999931
2023-07-13,7.165299892,82.00180054,11.44429427,0.08731000125,81.36000061,3.929500103
2023-07-12,7.209199905,82.39990234,11.42982625,0.08739200234,80.11000061,3.842000008
2023-07-11,7.23059988,82.52529907,11.41334059,0.08752500266,79.40000153,3.753499985
2023-07-10,7.211299896,82.61530304,11.45636768,0.08594600111,77.69000244,3.771500111
2023-07-07,7.249199867,82.7684021,11.41759141,0.08749099821,78.47000122,3.76699996
2023-07-06,7.246399879,82.39409637,11.3703491,0.08784899861,76.51999664,3.720000029
2023-07-05,7.213500023,82.00710297,11.36855933,0.0878970027,76.65000153,3.753499985
2023-07-04,7.239799976,81.95010376,11.31938783,0.08824399859,75.65000153,3.766250014
2023-07-03,7.242400169,82.09629822,11.33550982,0.08822800219,74.65000153,3.779000044
2023-06-30,7.25180006,82.07540131,11.31793494,0.08825200051,74.90000153,3.740999937
2023-06-29,7.243400097,82.02649689,11.32430844,0.08820299804,74.33999634,3.67750001
2023-06-28,7.218699932,81.99839783,11.3591642,0.08792900294,74.02999878,3.720499992
2023-06-27,7.236499786,82.00650024,11.33234335,0.08814399689,72.26000214,3.781500101
2023-06-26,7.178500175,81.98480225,11.42088183,0.08719299734,74.18000031,3.786499977
2023-06-23,7.178500175,81.91929626,11.41175653,0.08748599887,73.84999847,3.805999994
2023-06-22,7.17840004,81.9414978,11.41500855,0.08750700206,74.13999939,3.888499975
2023-06-21,7.180799961,81.9917984,11.41819837,0.08747600019,77.12000275,3.911000013
2023-06-20,7.160399914,81.98139954,11.44927665,0.08731400222,75.90000153,3.878499985
2023-06-19,7.125599861,81.91480255,11.49584655,0.08688800037,76.25500107,3.881500006
2023-06-16,7.119900227,81.91269684,11.50475347,0.08681800216,76.61000061,3.884500027
2023-06-15,7.16260004,82.04499817,11.45463906,0.08720199764,75.66999817,3.896500111
2023-06-14,7.166500092,82.29039764,11.48264796,0.08704400063,73.19999695,3.865999937
2023-06-13,7.144599915,82.33719635,11.52439567,0.08658900112,74.29000092,3.828500032
2023-06-12,7.127600193,82.44480133,11.56697894,0.08587600291,71.83999634,3.750499964
2023-06-09,7.111199856,82.48829651,11.59977193,0.08608099818,74.79000092,3.789000034
2023-06-08,7.128799915,82.61810303,11.58934239,0.08617900312,75.95999908,3.796499968
2023-06-07,7.118800163,82.51719666,11.59144726,0.08616799861,76.94999695,3.754499912
2023-06-06,7.105000019,82.51119995,11.61311748,0.08596199751,76.29000092,3.76699996
2023-06-05,7.083799839,82.40979767,11.63355819,0.0856000036,76.70999908,3.762500048
2023-06-02,7.092999935,82.27670288,11.59970445,0.08611299843,76.12999725,3.722500086
2023-06-01,7.110799789,82.66680145,11.62552792,0.08591499925,74.27999878,3.706500053
2023-05-31,7.078999996,82.68389893,11.68016654,0.08550599962,72.66000366,3.631000042
2023-05-30,7.072299957,82.57969666,11.67649805,0.08550199866,73.54000092,3.657999992
2023-05-29,7.054800034,82.57479858,11.70476813,0.0850519985,76.60499954,3.626999974
2023-05-26,7.077400208,82.74210358,11.69103077,0.08544500172,76.94999695,3.673500061
2023-05-25,7.059800148,82.71369934,11.71615309,0.0852850005,76.26000214,3.580499887
2023-05-24,7.056399822,82.89060211,11.74686869,0.08507599682,78.36000061,3.553499937
2023-05-23,7.030900002,82.82499695,11.78014151,0.08483599871,76.83999634,3.641499996
2023-05-22,7.006899834,82.90480042,11.83188034,0.08384399861,75.98999786,3.674000025
2023-05-19,7.035099983,82.72509766,11.75890859,0.08493799716,75.58000183,3.722500086
2023-05-18,6.997099876,82.45030212,11.78349653,0.08477199823,75.86000061,3.681499958
2023-05-17,6.97660017,82.29599762,11.79600316,0.08469299972,76.95999908,3.743000031
2023-05-16,6.951600075,82.26670074,11.83421081,0.08439899981,74.91000366,3.654500008
2023-05-15,6.957300186,82.20030212,11.81497131,0.08453699946,75.23000336,3.737499952
2023-05-12,6.947700024,82.10030365,11.81690392,0.08452600241,74.16999817,3.716500044
2023-05-11,6.932199955,81.91989899,11.8173018,0.08452799916,74.98000336,3.69749999
2023-05-10,6.919400215,82.10500336,11.86591335,0.08417700231,76.41000366,3.828000069
2023-05-09,6.911499977,81.78710175,11.83348072,0.08441399783,77.44000244,3.888999939
2023-05-08,6.909500122,81.72979736,11.82861219,0.08444699645,77.01000214,3.917999983
2023-05-05,6.905700207,81.7161026,11.83313786,0.08440899849,75.30000305,3.871500015
2023-05-04,6.910600185,81.77999878,11.83399366,0.08441799879,72.5,3.849999905
2023-05-03,6.910600185,81.77870178,11.83380598,0.08442399651,72.33000183,3.831500053
2023-05-02,6.910999775,81.77469635,11.83254218,0.0838560015,75.31999969,3.84800005
2023-05-01,6.911099911,81.74479675,11.82804442,0.0838560015,79.30999756,3.917000055
2023-04-28,6.922299862,81.76509857,11.81184002,0.08457300067,79.54000092,3.869999886
2023-04-27,6.925799847,81.76689911,11.80613083,0.08461099863,78.37000275,3.864500046
2023-04-26,6.931600094,81.99160004,11.82866855,0.08444400132,77.69000244,3.849999905
2023-04-25,6.894899845,81.85230255,11.87142734,0.08403299749,80.76999664,3.845999956
2023-04-24,6.892499924,82.05480194,11.90494057,0.08389999717,82.73000336,3.953000069
2023-04-21,6.872099876,82.14089966,11.95280935,0.08356499672,81.66000366,3.980000019
2023-04-20,6.885099888,82.34010315,11.95917336,0.08354199678,81.09999847,4.021999836
2023-04-19,6.874899864,82.10790253,11.94314159,0.08363500237,83.12000275,4.072000027
2023-04-18,6.878799915,82.00370026,11.92122191,0.08378300071,84.76999664,4.08949995
2023-04-17,6.870399952,81.84480286,11.91266934,0.08357600123,84.76000214,4.065999985
2023-04-14,6.867800236,81.68070221,11.89328452,0.08398199826,86.30999756,4.107500076
2023-04-13,6.873700142,81.96060181,11.92379652,0.08376800269,86.08999634,4.124000072
2023-04-12,6.885499954,82.07009888,11.91926504,0.08380399644,87.33000183,4.084499836
2023-04-11,6.881100178,81.98390198,11.9143596,0.08404000103,85.61000061,4.024499893
2023-04-10,6.869299889,81.88480377,11.9204002,0.08352100104,84.18000031,3.986500025
2023-04-07,6.874899864,81.83129883,11.90290774,0.08390200138,84.65000153,4.006250024
2023-04-06,6.878499985,81.94999695,11.91393431,0.08383899927,85.12000275,4.026000023
2023-04-05,6.878799915,82.1147995,11.93737287,0.08367200196,84.98999786,3.997999907
2023-04-04,6.877299786,82.14089966,11.94377186,0.0835679993,84.94000244,3.983500004
2023-04-03,6.868000031,82.18479919,11.96633646,0.08347100019,84.93000031,4.059500217
2023-03-31,6.870399952,82.10050201,11.94988685,0.08358900249,79.76999664,4.104499817
2023-03-30,6.88560009,82.25540161,11.94600333,0.08365900069,79.26999664,4.090499878
2023-03-29,6.873300076,82.16429901,11.95412656,0.08356200159,78.27999878,4.114999771
2023-03-28,6.884399891,82.21489716,11.94220244,0.08364699781,78.65000153,4.111999989
2023-03-27,6.867000103,82.33879852,11.99050492,0.08329900354,78.12000275,4.104499817
2023-03-24,6.818399906,82.26529694,12.06519096,0.0827889964,74.98999786,4.101500034
2023-03-23,6.879199982,82.52580261,11.99642441,0.08326599747,75.91000366,4.145999908
2023-03-22,6.882999897,82.67700195,12.01176859,0.0831580013,76.69000244,4.068500042
2023-03-21,6.877699852,82.52909851,11.99952023,0.08324699849,75.31999969,4.018499851
2023-03-20,6.886099815,82.53299713,11.98544885,0.08286699653,73.79000092,3.975500107
2023-03-17,6.897500038,82.62280273,11.97865926,0.0833799988,72.97000122,3.913500071
2023-03-16,6.905900002,82.71569824,11.97754069,0.08320000023,74.69999695,3.885499954
2023-03-15,6.870500088,82.30490112,11.97946293,0.08342000097,73.69000244,3.85649991
2023-03-14,6.844600201,82.41739655,12.04122872,0.08310999721,77.44999695,4.010499954
2023-03-13,6.905200005,81.95800018,11.86902626,0.08415099978,80.76999664,4.069499969
2023-03-10,6.963600159,82.0184021,11.77816075,0.08479499817,82.77999878,4.045499802
2023-03-09,6.950300217,81.96450043,11.79294388,0.08470200002,81.58999634,4.054500103
2023-03-08,6.961400032,82.07460022,11.78995602,0.08477000147,82.66000366,4.041500092
2023-03-07,6.929399967,81.85440063,11.81262462,0.08458899707,83.29000092,3.986500025
2023-03-06,6.906799793,81.71250153,11.83073261,0.08442100137,86.18000031,4.100500107
2023-03-03,6.913799763,82.35569763,11.91178519,0.08385500312,85.83000183,4.078000069
2023-03-02,6.868000031,82.41989899,12.00056765,0.08322799951,84.75,4.084000111
2023-03-01,6.932300091,82.63539886,11.92034358,0.08377999812,84.30999756,4.168000221
2023-02-28,6.943900108,82.65200043,11.90282106,0.08391299844,83.88999939,4.097499847
2023-02-27,6.954999924,82.91799927,11.92207048,0.08281199634,82.44999695,4.008999825
2023-02-24,6.907000065,82.61789703,11.96147333,0.08350200206,83.16000366,3.954999924
2023-02-23,6.891300201,82.83529663,12.0202711,0.08308999985,82.20999908,4.072999954
2023-02-22,6.872499943,82.86119843,12.05692239,0.08284600079,80.59999847,4.202499866
2023-02-21,6.854100227,82.69750214,12.06540602,0.08278399706,83.05000305,4.234499931
2023-02-20,6.857600212,82.75800323,12.06807056,0.08286400139,83.02500153,4.174249887
2023-02-17,6.859700203,82.69529724,12.05523489,0.08284100145,83,4.113999844
2023-02-16,6.851900101,82.73770142,12.07514707,0.08268699795,85.13999939,4.165500164
2023-02-15,6.825900078,82.86759949,12.14017178,0.08222299814,85.37999725,4.052000046
2023-02-14,6.821899891,82.59739685,12.10768234,0.08249299973,85.58000183,4.110000134
2023-02-13,6.808300018,82.51300049,12.11947186,0.08186200261,86.61000061,4.086999893
2023-02-10,6.779699802,82.53320313,12.17357782,0.08204200119,86.38999939,4.027500153
2023-02-09,6.788199902,82.65950012,12.17693959,0.08201999962,84.5,4.105500221
2023-02-08,6.791200161,82.74189758,12.18369296,0.08185599744,85.08999634,4.043499947
2023-02-07,6.794000149,82.75499725,12.18059986,0.08200199902,83.69000244,4.088500023
2023-02-06,6.774199963,82.22599792,12.13811201,0.08166500181,80.98999786,4.043499947
2023-02-03,6.731500149,82.04589844,12.18835276,0.08194699883,79.94000244,4.063000202
2023-02-02,6.740799904,81.71029663,12.1217508,0.08235900104,82.16999817,4.093999863
2023-02-01,6.753600121,81.7684021,12.10737986,0.08248600364,82.83999634,4.111000061
2023-01-31,6.747799873,81.57990265,12.08985213,0.08267699927,84.48999786,4.228499889
2023-01-30,6.782400131,81.50800323,12.01757514,0.08256500214,84.90000153,4.203499794
2023-01-27,6.78249979,81.44509888,12.00812405,0.08318500221,86.66000366,4.223999977
2023-01-26,6.782899857,81.50270081,12.01590802,0.0831129998,87.47000122,4.267000198
2023-01-25,6.783500195,81.60189819,12.02946795,0.08302100003,86.12000275,4.239999771
2023-01-24,6.782999992,81.48799896,12.01356318,0.08314500004,86.12999725,4.245500088
2023-01-23,6.782599926,80.97599792,11.93878436,0.08363299817,88.19000244,4.254000187
2023-01-20,6.775800228,81.2397995,11.98969816,0.08329900354,87.62999725,4.24849987
2023-01-19,6.747099876,81.43599701,12.0697779,0.08274199814,86.16000366,4.226500034
2023-01-18,6.772399902,81.52549744,12.03790364,0.08285199851,84.98000336,4.228499889
2023-01-17,6.732500076,81.65260315,12.1281251,0.08235000074,85.91999817,4.215000153
2023-01-16,6.70179987,81.27799988,12.12778678,0.08216100186,85.59999847,4.211250067
2023-01-13,6.737800121,81.11560059,12.03888497,0.0829700008,85.27999878,4.207499981
2023-01-12,6.769000053,81.63179779,12.05965388,0.08282200247,84.02999878,4.18599987
2023-01-11,6.777400017,81.63739777,12.04553333,0.08292599767,82.66999817,4.154500008
2023-01-10,6.770999908,82.18009949,12.13706995,0.08229599893,80.09999847,4.066999912
2023-01-09,6.83739996,82.27339935,12.03284872,0.08300299942,79.65000153,4.018499851
2023-01-06,6.881499767,82.64520264,12.0097661,0.08320699632,78.56999969,3.908499956
2023-01-05,6.887800217,82.66649628,12.00187196,0.08321700245,78.69000244,3.818000078
2023-01-04,6.91410017,82.78569794,11.97345944,0.08342099935,77.83999634,3.739500046
2023-01-03,6.897099972,82.70600128,11.99141692,0.08323000371,82.09999847,3.766000032
2023-01-02,6.896900177,82.74980164,11.99811502,0.08325999975,84.00500107,3.785750031
2022-12-30,6.963099957,82.83509827,11.89629602,0.08400200307,85.91000366,3.805500031
2022-12-29,6.977600098,82.85199738,11.87399625,0.08421099931,82.26000214,3.821000099
2022-12-28,6.959000111,82.77610016,11.89482668,0.08391100168,83.26000214,3.832000017
2022-12-27,6.961200237,82.9029007,11.90928258,0.08373499662,84.33000183,3.833499908
2022-12-26,6.988699913,82.60410309,11.81966662,0.08431600034,84.125,3.818249941
2022-12-23,6.982999802,82.87490082,11.8680944,0.08416300267,83.91999817,3.802999973
2022-12-22,6.98059988,82.87860107,11.87270471,0.08411700279,80.98000336,3.751499891
2022-12-21,6.960800171,82.63690186,11.87175322,0.08416000009,82.19999695,3.805999994
2022-12-20,6.978600025,82.58190155,11.83359144,0.08440499753,79.98999786,3.797499895
2022-12-19,6.972099781,82.72599792,11.86529174,0.08419500291,79.80000305,3.782999992
2022-12-16,6.972199917,82.85790253,11.88403998,0.08406099677,79.04000092,3.761499882
2022-12-15,6.94990015,82.50800323,11.8718257,0.08414400369,81.20999908,3.763000011
2022-12-14,6.943399906,82.40249634,11.86774454,0.08416099846,82.69999695,3.875
2022-12-13,6.976500034,82.6446991,11.84615476,0.084311001,80.68000031,3.83949995
2022-12-12,6.956600189,82.41300201,11.84673544,0.08403000236,77.98999786,3.798500061
2022-12-09,6.966300011,82.27919769,11.81103277,0.08455300331,76.09999847,3.875999928
2022-12-08,6.972599983,82.25350189,11.79667586,0.08468200266,76.15000153,3.880500078
2022-12-07,6.994900227,82.37220001,11.77603645,0.08469499648,77.16999817,3.855499983
2022-12-06,6.96089983,81.89900208,11.76557688,0.08489499986,79.34999847,3.811500072
2022-12-05,7.023900032,81.42250061,11.59220664,0.08607900143,82.68000031,3.789499998
2022-12-02,7.043700218,81.16220093,11.52266542,0.08667899668,85.56999969,3.84800005
2022-12-01,7.076200008,81.30529785,11.48996605,0.08704099804,86.87999725,3.813999891
2022-11-30,7.159399986,81.63089752,11.40191883,0.08759800345,85.43000031,3.729500055
2022-11-29,7.207099915,81.65029907,11.32914765,0.08816300333,83.02999878,3.630000114
2022-11-28,7.170499802,81.66970062,11.38968034,0.08757100254,83.19000244,3.610500097
2022-11-25,7.150300026,81.65540314,11.41985691,0.08748900145,83.62999725,3.626499891
2022-11-24,7.165800095,81.63289642,11.3920142,0.08759800345,84.52000046,3.621999979
2022-11-23,7.13929987,81.71499634,11.4457997,0.08725199848,85.41000366,3.617500067
2022-11-22,7.164199829,81.72769928,11.40779169,0.08755300194,88.36000061,3.614500046
2022-11-21,7.118899822,81.51989746,11.45119323,0.08707900345,87.44999695,3.571500063
2022-11-18,7.156199932,81.52490234,11.3922058,0.08766400069,87.62000275,3.631999969
2022-11-17,7.087200165,81.49530029,11.49894153,0.08686699718,89.77999878,3.689500093
2022-11-16,7.043000221,81.0714035,11.51091878,0.086744003,92.86000061,3.788000107
2022-11-15,7.072899818,80.99199677,11.45103124,0.08723100275,93.86000061,3.83949995
2022-11-14,7.10710001,80.49700165,11.32627957,0.08817700297,93.13999939,3.855000019
2022-11-11,7.185900211,80.48290253,11.20011413,0.08900299668,95.98999786,3.950999975
2022-11-10,7.240799904,81.34380341,11.23409078,0.0888980031,93.66999817,3.796000004
2022-11-09,7.24819994,81.40519714,11.23109156,0.08896200359,92.65000153,3.741499901
2022-11-08,7.22879982,81.8259964,11.31944423,0.08823399991,95.36000061,3.705499887
2022-11-07,7.17509985,81.97499847,11.4249279,0.08751899749,97.91999817,3.629499912
2022-11-04,7.300799847,82.68180084,11.32503323,0.08818499744,98.56999969,3.71449995
2022-11-03,7.288700104,82.88839722,11.37217831,0.08798900247,94.66999817,3.456500053
2022-11-02,7.276599884,82.68450165,11.36306832,0.0879240036,96.16000366,3.505500078
2022-11-01,7.301799774,82.72899628,11.32994588,0.0880940035,94.65000153,3.509500027
2022-10-31,7.251399994,82.23919678,11.34114748,0.08803399652,94.83000183,3.413500071
2022-10-28,7.227900028,82.44249725,11.40614797,0.0876159966,95.76999664,3.46600008
2022-10-27,7.171899796,82.04959869,11.44042737,0.08743000031,96.95999908,3.625499964
2022-10-26,7.303800106,82.44529724,11.28800023,0.08805099875,95.69000244,3.629499912
2022-10-25,7.261899948,82.7614975,11.39667278,0.08763600141,93.51999664,3.450500011
2022-10-24,7.242800236,82.54129791,11.39632397,0.08763699979,93.26000214,3.479500055
2022-10-21,7.215799809,82.82569885,11.47838092,0.08701000363,93.5,3.523000002
2022-10-20,7.227300167,82.99700165,11.48381826,0.08694799989,92.37999725,3.450999975
2022-10-19,7.200600147,82.28639984,11.4277141,0.08737999946,92.41000366,3.360500097
2022-10-18,7.195499897,82.19470215,11.42307044,0.08743599802,90.02999878,3.406500101
2022-10-17,7.190000057,82.41280365,11.46214228,0.08718000352,91.62000275,3.455499887
2022-10-14,7.169499874,82.19210052,11.46413306,0.08711600304,91.62999725,3.450500011
2022-10-13,7.174099922,82.19999695,11.45788292,0.08715999871,94.56999969,3.467499971
2022-10-12,7.164400101,82.27390289,11.48371137,0.08696900308,92.44999695,3.444499969
2022-10-11,7.153600216,82.42070007,11.52156922,0.08668000251,94.29000092,3.477999926
2022-10-10,7.114999771,82.83229828,11.64192564,0.08558399975,96.19000244,3.453500032
2022-10-07,7.114999771,82.34899902,11.57399883,0.08627200127,97.91999817,3.412499905
2022-10-06,7.114999771,81.64880371,11.47558768,0.08703000098,94.41999817,3.474999905
2022-10-05,7.114999771,81.46549988,11.44982467,0.08720800281,93.37000275,3.532500029
2022-10-04,7.114900112,81.49500275,11.45413168,0.0871900022,91.80000305,3.517999887
2022-10-03,7.114999771,81.52130127,11.45766745,0.08716499805,88.86000061,3.457999945
2022-09-30,7.123899937,81.48059845,11.43763938,0.08735200018,87.95999908,3.441999912
2022-09-29,7.198999882,81.42870331,11.3111133,0.08829700202,88.48999786,3.440000057
2022-09-28,7.176799774,81.72460175,11.387332,0.08769900352,89.31999969,3.381999969
2022-09-27,7.147999763,81.61579895,11.41799128,0.08559200168,86.26999664,3.322999954
2022-09-26,7.127399921,81.25479889,11.40034231,0.08760199696,84.05999756,3.313499928
2022-09-23,7.076600075,81.06220245,11.45496447,0.08719100058,86.15000153,3.371500015
2022-09-22,7.0479002,80.05069733,11.35809178,0.08805599809,90.45999908,3.498500109
2022-09-21,7.017199993,79.76270294,11.36674215,0.08786799759,89.83000183,3.512000084
2022-09-20,7.005599976,79.70749664,11.37768313,0.08777400106,90.62000275,3.548000097
2022-09-19,6.979000092,79.6894989,11.41846939,0.08721099794,92,3.557499886
2022-09-16,6.993000031,79.84909821,11.41843241,0.08747100085,91.34999847,3.561000109
2022-09-15,6.960999966,79.4536972,11.41412119,0.08749300241,90.83999634,3.523499966
2022-09-14,6.924099922,79.60240173,11.49642591,0.08687599748,94.09999847,3.54550004
2022-09-13,6.925000191,79.3553009,11.45924891,0.08716099709,93.16999817,3.58100009
2022-09-12,6.925499916,79.65579987,11.50181226,0.08683100343,94,3.625499964
2022-09-09,6.956500053,79.70629883,11.45781617,0.087187998,92.83999634,3.58100009
2022-09-08,6.965300083,79.64980316,11.43522924,0.08733399957,89.15000153,3.536000013
2022-09-07,6.953100204,79.89510345,11.49057271,0.08692000061,88,3.437999964
2022-09-06,6.933100224,79.78299713,11.50754995,0.08677700162,92.83000183,3.469000101
2022-09-05,6.899000168,79.72450256,11.55595023,0.08642499894,92.92499924,3.445250034
2022-09-02,6.905499935,79.71679688,11.54395737,0.08651799709,93.01999664,3.421499968
2022-09-01,6.888899803,79.54879761,11.54738781,0.08649399877,92.36000061,3.414499998
2022-08-31,6.91079998,79.68229675,11.53011185,0.08661799878,96.48999786,3.51850009
2022-08-30,6.907000065,79.96790314,11.57780547,0.08626099676,99.30999756,3.545000076
2022-08-29,6.870800018,79.95909882,11.63752381,0.08546499908,105.0899963,3.626499891
2022-08-26,6.84829998,79.88289642,11.66463161,0.085616,100.9899979,3.711499929
2022-08-25,6.858500004,79.79679871,11.63473043,0.08583699912,99.33999634,3.710500002
2022-08-24,6.833600044,79.85449982,11.68556827,0.08546599746,101.2200012,3.66050005
2022-08-23,6.847899914,79.88379669,11.66544454,0.08563599735,100.2200012,3.70449996
2022-08-22,6.815700054,79.91790009,11.72556002,0.084720999,96.48000336,3.67050004
2022-08-19,6.784599781,79.76670074,11.75702375,0.08494900167,96.72000122,3.683500051
2022-08-18,6.779900074,79.35970306,11.70514347,0.08532200009,96.58999634,3.646500111
2022-08-17,6.787399769,79.14600372,11.66072523,0.08552499861,93.65000153,3.59800005
2022-08-16,6.771999836,79.55290222,11.74732784,0.08501599729,92.33999634,3.636499882
2022-08-15,6.741799831,79.62760162,11.81103023,0.08453200012,95.09999847,3.628999949
2022-08-12,6.743599892,79.61399841,11.80586033,0.08459600061,98.15000153,3.676000118
2022-08-11,6.722799778,79.09780121,11.76560419,0.0848819986,99.59999847,3.710500002